연번,관리단체,의류수거함관리코드,행정동,도로명주소,위도,경도,데이터기준일
1,강북장애인단체총연합회,수유3-23,수유3동,서울특별시 강북구 노해로13길 89,37.63924886,127.0175791,2026-06-30
2,강북장애인단체총연합회,번1-10,번1동,서울특별시 강북구 오패산로67길 22,37.63591148,127.0269476,2026-06-30
3,강북장애인단체총연합회,번2-4,번2동,서울특별시 강북구 오현로25가길 92,37.62538679,127.0334626,2026-06-30
4,강북장애인단체총연합회,송천5-14,송천동,서울특별시 강북구 삼양로54마길 21,37.62235854,127.0245979,2026-06-30
5,강북장애인단체총연합회,우이-71,우이동,서울특별시 강북구 삼양로123길 46-28,37.64581456,127.0129147,2026-06-30
6,강북장애인단체총연합회,수유3-51,수유3동,서울특별시 강북구 도봉로99길 72-2,37.6439913,127.0266498,2026-06-30
7,강북장애인단체총연합회,송중9-2,송중동,서울특별시 강북구 오패산로52마길 20,37.62503906,127.0317112,2026-06-30
8,강북장애인단체총연합회,수유2-32,수유2동,서울특별시 강북구 삼양로138길 92,37.64849559,127.0189193,2026-06-30
9,강북장애인단체총연합회,수유1-52,수유1동,서울특별시 강북구 삼양로80나길 57,37.63351483,127.0204189,2026-06-30
10,강북장애인단체총연합회,우이-14,우이동,서울특별시 강북구 삼양로173다길 25,37.66262697,127.0095869,2026-06-30
11,강북장애인단체총연합회,인수-68,인수동,서울특별시 강북구 삼양로90길 7,37.63633997,127.0177533,2026-06-30
12,강북장애인단체총연합회,우이-42,우이동,서울특별시 강북구 삼양로139가길 80,37.65265795,127.0102291,2026-06-30
13,강북장애인단체총연합회,번1-38,번1동,서울특별시 강북구 덕릉로41길 89,37.63802816,127.0279512,2026-06-30
14,강북장애인단체총연합회,송중8-8,송중동,서울특별시 강북구 월계로21다길 5,37.61606416,127.0382613,2026-06-30
15,강북장애인단체총연합회,송천5-42,송천동,서울특별시 강북구 숭인로7나길 35,37.61459389,127.0259678,2026-06-30
16,강북장애인단체총연합회,삼양-47,삼양동,서울특별시 강북구 삼양로41길 12,37.62197334,127.019426,2026-06-30
17,강북장애인단체총연합회,번2-37,번2동,서울특별시 강북구 덕릉로40길 14,37.63448686,127.0301159,2026-06-30
18,강북장애인단체총연합회,미아3-48,미아동,서울특별시 강북구 솔매로 138,37.62644522,127.0273881,2026-06-30
19,강북장애인단체총연합회,미아3-20,미아동,서울특별시 강북구 도봉로57길 33,37.62743217,127.0236027,2026-06-30
20,강북장애인단체총연합회,송중9-45,송중동,서울특별시 강북구 도봉로28가길 17,37.62180134,127.0313454,2026-06-30
21,강북장애인단체총연합회,번2-3,번2동,서울특별시 강북구 오현로21길 58,37.62537386,127.0340859,2026-06-30
22,강북장애인단체총연합회,수유1-23,수유1동,서울특별시 강북구 삼양로79길 35-26,37.6297732,127.0158003,2026-06-30
23,강북장애인단체총연합회,삼양-18,삼양동,서울특별시 강북구 솔매로7다길 23,37.62639107,127.0132506,2026-06-30
24,강북장애인단체총연합회,수유3-50,수유3동,서울특별시 강북구 한천로150길 60-5,37.64395097,127.0261291,2026-06-30
25,강북장애인단체총연합회,인수-24,인수동,서울특별시 강북구 삼각산로 47,37.63965038,127.0095516,2026-06-30
26,강북장애인단체총연합회,수유2-31,수유2동,서울특별시 강북구 삼양로138길 84-1,37.64845729,127.0186478,2026-06-30
27,강북장애인단체총연합회,수유1-51,수유1동,서울특별시 강북구 수유로12길 27-8,37.63378343,127.0212991,2026-06-30
28,강북장애인단체총연합회,수유3-22,수유3동,서울특별시 강북구 노해로13길 48,37.6395741,127.0198522,2026-06-30
29,강북장애인단체총연합회,번1-9,번1동,서울특별시 강북구 덕릉로 125-12,37.63559385,127.0277676,2026-06-30
30,강북장애인단체총연합회,우이-41,우이동,서울특별시 강북구 삼양로149가길 21,37.65345418,127.0106265,2026-06-30
31,강북장애인단체총연합회,송천5-13,송천동,서울특별시 강북구 삼양로38길 47,37.62151883,127.0232948,2026-06-30
32,강북장애인단체총연합회,우이-70,우이동,서울특별시 강북구 삼양로123길32-33,37.64602584,127.0133992,2026-06-30
33,강북장애인단체총연합회,송천5-41,송천동,서울특별시 강북구 숭인로7나길 41,37.61469598,127.026329,2026-06-30
34,강북장애인단체총연합회,송중9-1,송중동,서울특별시 강북구 오패산로52마길 7,37.62543826,127.0320459,2026-06-30
35,강북장애인단체총연합회,번2-36,번2동,서울특별시 강북구 덕릉로40가길 9,37.63445695,127.0297651,2026-06-30
36,강북장애인단체총연합회,미아3-47,미아동,서울특별시 강북구 솔매로51길 10,37.62716718,127.027526,2026-06-30
37,강북장애인단체총연합회,우이-13,우이동,서울특별시 강북구 삼양로173길 51-8,37.66193373,127.0096527,2026-06-30
38,강북장애인단체총연합회,인수-67,인수동,서울특별시 강북구 삼양로88가길 6-10,37.63539166,127.0185702,2026-06-30
39,강북장애인단체총연합회,번2-2,번2동,서울특별시 강북구 오현로21길 12,37.62650879,127.0362463,2026-06-30
40,강북장애인단체총연합회,번1-37,번1동,서울특별시 강북구 한천로130길 46,37.63936643,127.0318202,2026-06-30
41,강북장애인단체총연합회,송중8-7,송중동,서울특별시 강북구 월계로21나길 45,37.61628617,127.037862,2026-06-30
42,강북장애인단체총연합회,수유3-49,수유3동,서울특별시 강북구 노해로32길 38,37.64406061,127.0252211,2026-06-30
43,강북장애인단체총연합회,삼양-46,삼양동,서울특별시 강북구 삼양로43길 23,37.62231737,127.0185379,2026-06-30
44,강북장애인단체총연합회,수유2-30,수유2동,서울특별시 강북구 삼양로138길 76,37.64837113,127.018037,2026-06-30
45,강북장애인단체총연합회,수유1-50,수유1동,서울특별시 강북구 덕릉로24길 41-2,37.63293373,127.0209704,2026-06-30
46,강북장애인단체총연합회,미아3-19,미아동,서울특별시 강북구 솔매로41길 31-5,37.62703042,127.0229623,2026-06-30
47,강북장애인단체총연합회,송중9-44,송중동,서울특별시 강북구 도봉로28길 29,37.62081012,127.0302367,2026-06-30
48,강북장애인단체총연합회,우이-40,우이동,서울특별시 강북구 삼양로149길 22,37.65429158,127.0116354,2026-06-30
49,강북장애인단체총연합회,수유1-22,수유1동,서울특별시 강북구 인수봉로 124,37.6307036,127.0139187,2026-06-30
50,강북장애인단체총연합회,삼양-17,삼양동,서울특별시 강북구 솔매로7나길 1-10,37.62610747,127.014897,2026-06-30
51,강북장애인단체총연합회,송천5-40,송천동,서울특별시 강북구 솔샘로64다길 9-1,37.61546741,127.0280973,2026-06-30
52,강북장애인단체총연합회,인수-23,인수동,서울특별시 강북구 삼각산로 53,37.639718,127.0100946,2026-06-30
53,강북장애인단체총연합회,번2-35,번2동,서울특별시 강북구 덕릉로40가길 30,37.63454693,127.0286536,2026-06-30
54,강북장애인단체총연합회,미아3-46,미아동,서울특별시 강북구 도봉로54길 24,37.62726451,127.0273095,2026-06-30
55,강북장애인단체총연합회,수유3-21,수유3동,서울특별시 강북구 노해로15길 35,37.63995813,127.0205271,2026-06-30
56,강북장애인단체총연합회,번1-8,번1동,서울특별시 강북구 한천로 965,37.63577994,127.032875,2026-06-30
57,강북장애인단체총연합회,번2-1,번2동,서울특별시 강북구 오현로 155,37.62625874,127.0365215,2026-06-30
58,강북장애인단체총연합회,송천5-12,송천동,서울특별시 강북구 삼양로54다길 39,37.62147153,127.0230236,2026-06-30
59,강북장애인단체총연합회,우이-69,우이동,서울특별시 강북구 삼양로131길 23-20,37.64637806,127.0134965,2026-06-30
60,강북장애인단체총연합회,수유3-48,수유3동,서울특별시 강북구 노해로32길 24,37.64453615,127.0249769,2026-06-30
61,강북장애인단체총연합회,송중8-35,송중동,서울특별시 강북구 도봉로4길 22,37.61115443,127.0317551,2026-06-30
62,강북장애인단체총연합회,수유2-29,수유2동,서울특별시 강북구 삼양로138길 68,37.6483592,127.0176859,2026-06-30
63,강북장애인단체총연합회,수유1-49,수유1동,서울특별시 강북구 덕릉로24길 53,37.63278423,127.0203265,2026-06-30
64,강북장애인단체총연합회,우이-12,우이동,서울특별시 강북구 삼양로173가길 48,37.66185616,127.0100731,2026-06-30
65,강북장애인단체총연합회,인수-66,인수동,서울특별시 강북구 삼양로88가길 10,37.63550446,127.0180475,2026-06-30
66,강북장애인단체총연합회,우이-39,우이동,서울특별시 강북구 삼양로149길 10,37.65405316,127.0122165,2026-06-30
67,강북장애인단체총연합회,번1-36,번1동,서울특별시 강북구 도봉로96길 53,37.63938017,127.0312988,2026-06-30
68,강북장애인단체총연합회,송중8-6,송중동,서울특별시 강북구 월계로21나길 50-14,37.61697494,127.0383515,2026-06-30
69,강북장애인단체총연합회,송천5-39,송천동,서울특별시 강북구 솔샘로64다길 33,37.61552727,127.0266126,2026-06-30
70,강북장애인단체총연합회,삼양-45,삼양동,서울특별시 강북구 삼양로43길 33,37.62232177,127.0179828,2026-06-30
71,강북장애인단체총연합회,번2-34,번2동,서울특별시 강북구 덕릉로40다길 36,37.63409655,127.0286708,2026-06-30
72,강북장애인단체총연합회,미아3-45,미아동,서울특별시 강북구 도봉로76길 77,37.63469558,127.0270088,2026-06-30
73,강북장애인단체총연합회,미아3-18,미아동,서울특별시 강북구 솔매로41길 31-28,37.62699777,127.022283,2026-06-30
74,강북장애인단체총연합회,송중9-43,송중동,서울특별시 강북구 도봉로28길 13,37.62061413,127.0294124,2026-06-30
75,강북장애인단체총연합회,번1-63,번1동,서울특별시 강북구 덕릉로 194-1,37.63590898,127.035434,2026-06-30
76,강북장애인단체총연합회,수유1-21,수유1동,서울특별시 강북구 인수봉로 120,37.63032312,127.0136745,2026-06-30
77,강북장애인단체총연합회,삼양-16,삼양동,서울특별시 강북구 솔매로7나길 23,37.62594804,127.0152276,2026-06-30
78,강북장애인단체총연합회,수유3-47,수유3동,서울특별시 강북구 노해로32길 19-9,37.64506084,127.0252307,2026-06-30
79,강북장애인단체총연합회,인수-22,인수동,서울특별시 강북구 인수봉로67길 12-2,37.64018554,127.0110515,2026-06-30
80,강북장애인단체총연합회,수유2-28,수유2동,서울특별시 강북구 삼양로138길 40,37.64872448,127.0161059,2026-06-30
81,강북장애인단체총연합회,수유1-48,수유1동,서울특별시 강북구 삼양로80길 51,37.63152489,127.020581,2026-06-30
82,강북장애인단체총연합회,수유3-20,수유3동,서울특별시 강북구 삼각산로28길 26,37.63991617,127.0198138,2026-06-30
83,강북장애인단체총연합회,번1-7,번1동,서울특별시 강북구 한천로 983,37.63677665,127.0313552,2026-06-30
84,강북장애인단체총연합회,우이-38,우이동,서울특별시 강북구 삼양로149길 68,37.65573658,127.0120356,2026-06-30
85,강북장애인단체총연합회,송천5-11,송천동,서울특별시 강북구 삼양로38다길 31,37.62156792,127.0226938,2026-06-30
86,강북장애인단체총연합회,우이-68,우이동,서울특별시 강북구 삼양로131길 30,37.64727388,127.0128728,2026-06-30
87,강북장애인단체총연합회,송천5-38,송천동,서울특별시 강북구 숭인로13길 39,37.61429429,127.0267873,2026-06-30
88,강북장애인단체총연합회,송중8-34,송중동,서울특별시 강북구 월계로3길 36,37.61136713,127.0313219,2026-06-30
89,강북장애인단체총연합회,번2-33,번2동,서울특별시 강북구 도봉로78길 78,37.63382922,127.0279378,2026-06-30
90,강북장애인단체총연합회,미아3-44,미아동,서울특별시 강북구 도봉로76길 40,37.63314583,127.0259187,2026-06-30
91,강북장애인단체총연합회,우이-11,우이동,서울특별시 강북구 삼양로173가길 69,37.66143109,127.0088094,2026-06-30
92,강북장애인단체총연합회,인수-65,인수동,서울특별시 강북구 삼양로88가길 20,37.63602653,127.017984,2026-06-30
93,강북장애인단체총연합회,번1-62,번1동,서울특별시 강북구 한천로 932,37.63452066,127.0364489,2026-06-30
94,강북장애인단체총연합회,번1-35,번1동,서울특별시 강북구 도봉로96길 27,37.64018126,127.0300987,2026-06-30
95,강북장애인단체총연합회,송중8-5,송중동,서울특별시 강북구 월계로21나길 51,37.61651986,127.037791,2026-06-30
96,강북장애인단체총연합회,수유3-46,수유3동,서울특별시 강북구 노해로32길 19-21,37.64555071,127.0256323,2026-06-30
97,강북장애인단체총연합회,삼양-44,삼양동,서울특별시 강북구 인수봉로12길 60,37.62296315,127.0160146,2026-06-30
98,강북장애인단체총연합회,수유2-27,수유2동,서울특별시 강북구 삼양로138길 24,37.64893353,127.0152419,2026-06-30
99,강북장애인단체총연합회,수유1-47,수유1동,서울특별시 강북구 삼양로74길 31,37.62984154,127.0196853,2026-06-30
100,강북장애인단체총연합회,미아3-17,미아동,서울특별시 강북구 도봉로53가길 16,37.62709059,127.0215227,2026-06-30
101,강북장애인단체총연합회,송중9-42,송중동,서울특별시 강북구 솔매로50길 73,37.62325396,127.0282906,2026-06-30
102,강북장애인단체총연합회,우이-37,우이동,서울특별시 강북구 삼양로159가길 31,37.65651479,127.0124333,2026-06-30
103,강북장애인단체총연합회,수유1-20,수유1동,서울특별시 강북구 인수봉로32길 12-6,37.63033724,127.0142861,2026-06-30
104,강북장애인단체총연합회,삼양-15,삼양동,서울특별시 강북구 솔매로7가길 18,37.62564648,127.0147218,2026-06-30
105,강북장애인단체총연합회,송천5-37,송천동,서울특별시 강북구 삼양로20나길 40-11,37.6165977,127.0242087,2026-06-30
106,강북장애인단체총연합회,인수-21,인수동,서울특별시 강북구 인수봉로 235-7,37.64001673,127.011337,2026-06-30
107,강북장애인단체총연합회,번2-32,번2동,서울특별시 강북구 도봉로78길 65,37.63399453,127.0272219,2026-06-30
108,강북장애인단체총연합회,미아3-43,미아동,서울특별시 강북구 덕릉로30길 15-3,37.63412542,127.0256113,2026-06-30
109,강북장애인단체총연합회,수유3-19,수유3동,서울특별시 강북구 삼양로102길 42,37.63989505,127.0194401,2026-06-30
110,강북장애인단체총연합회,번1-6,번1동,서울특별시 강북구 한천로 1001,37.637809,127.0297895,2026-06-30
111,강북장애인단체총연합회,번1-61,번1동,서울특별시 강북구 한천로120길 29,37.6358376,127.0366246,2026-06-30
112,강북장애인단체총연합회,송천5-10,송천동,서울특별시 강북구 삼양로38라길 10(2),37.62111464,127.0223599,2026-06-30
113,강북장애인단체총연합회,우이-67,우이동,서울특별시 강북구 인수봉로84길 40-4,37.64680464,127.0127883,2026-06-30
114,강북장애인단체총연합회,수유3-45,수유3동,서울특별시 강북구 노해로36길 18,37.64565845,127.0255855,2026-06-30
115,강북장애인단체총연합회,송중8-33,송중동,서울특별시 강북구 오현로6길 49,37.61429787,127.0327112,2026-06-30
116,강북장애인단체총연합회,수유2-26,수유2동,서울특별시 강북구 한천로170길 51,37.64803414,127.0186874,2026-06-30
117,강북장애인단체총연합회,수유1-46,수유1동,서울특별시 강북구 삼양로74다길 2,37.63019751,127.0213234,2026-06-30
118,강북장애인단체총연합회,우이-10,우이동,서울특별시 강북구 삼양로173길 71-8,37.66165356,127.0084777,2026-06-30
119,강북장애인단체총연합회,인수-64,인수동,서울특별시 강북구 삼양로87길 24-10,37.63561008,127.0166638,2026-06-30
120,강북장애인단체총연합회,우이-36,우이동,서울특별시 강북구 삼양로155길 25,37.65656335,127.0117753,2026-06-30
121,강북장애인단체총연합회,번1-34,번1동,서울특별시 강북구 한천로124다길 80,37.63997887,127.0295914,2026-06-30
122,강북장애인단체총연합회,송중8-4,송중동,서울특별시 강북구 월계로21가길 54,37.61587705,127.0374142,2026-06-30
123,강북장애인단체총연합회,송천5-36,송천동,서울특별시 강북구 삼양로20나길 46-33,37.6168051,127.0242286,2026-06-30
124,강북장애인단체총연합회,삼양-43,삼양동,서울특별시 강북구 인수봉로12가길 8,37.62352102,127.0148404,2026-06-30
125,강북장애인단체총연합회,번2-31,번2동,서울특별시 강북구 오현로25마길 65,37.62662536,127.0328689,2026-06-30
126,강북장애인단체총연합회,미아3-42,미아동,서울특별시 강북구 덕릉로30길 9,37.63434015,127.0254272,2026-06-30
127,강북장애인단체총연합회,미아3-16,미아동,서울특별시 강북구 솔매로41길 37-10,37.62749666,127.0226843,2026-06-30
128,강북장애인단체총연합회,송중9-41,송중동,서울특별시 강북구 도봉로28길 51,37.62109917,127.0314224,2026-06-30
129,강북장애인단체총연합회,번1-60,번1동,서울특별시 강북구 한천로124가길 25,37.63769402,127.0311507,2026-06-30
130,강북장애인단체총연합회,수유1-19,수유1동,서울특별시 강북구 인수봉로32길 26,37.63047994,127.0151906,2026-06-30
131,강북장애인단체총연합회,삼양-14,삼양동,서울특별시 강북구 솔매로10길 19,37.62458388,127.0137162,2026-06-30
132,강북장애인단체총연합회,수유3-44,수유3동,서울특별시 강북구 노해로36길 8,37.64595258,127.0251964,2026-06-30
133,강북장애인단체총연합회,인수-20,인수동,서울특별시 강북구 인수봉로72길 15,37.6424172,127.0117812,2026-06-30
134,강북장애인단체총연합회,수유2-25,수유2동,서울특별시 강북구 노해로33길 70,37.64736025,127.0210872,2026-06-30
135,강북장애인단체총연합회,수유1-45,수유1동,서울특별시 강북구 삼양로 292,37.62947719,127.0181267,2026-06-30
136,강북장애인단체총연합회,수유3-18,수유3동,서울특별시 강북구 삼양로102길 26,37.64003186,127.0185545,2026-06-30
137,강북장애인단체총연합회,번1-5,번1동,서울특별시 강북구 한천로 1009,37.63831639,127.0290351,2026-06-30
138,강북장애인단체총연합회,우이-35,우이동,서울특별시 강북구 삼양로155길 39,37.65717266,127.0113706,2026-06-30
139,강북장애인단체총연합회,송천5-9,송천동,서울특별시 강북구 삼양로38라길 10(1),37.62111464,127.0223599,2026-06-30
140,강북장애인단체총연합회,우이-66,우이동,서울특별시 강북구 인수봉로84길 33,37.64683707,127.0123573,2026-06-30
141,강북장애인단체총연합회,송천5-35,송천동,서울특별시 강북구 솔샘로64나길 42-9,37.61679522,127.0252142,2026-06-30
142,강북장애인단체총연합회,송중8-32,송중동,서울특별시 강북구 오현로6길 23,37.6154131,127.0324589,2026-06-30
143,강북장애인단체총연합회,번2-30,번2동,서울특별시 강북구 오현로21길 132-5,37.62721097,127.0328613,2026-06-30
144,강북장애인단체총연합회,미아3-41,미아동,서울특별시 강북구 덕릉로28길 9,37.63425845,127.0242613,2026-06-30
145,강북장애인단체총연합회,우이-9,우이동,서울특별시 강북구 삼양로169길 84,37.66110542,127.008655,2026-06-30
146,강북장애인단체총연합회,인수-63,인수동,서울특별시 강북구 삼양로 359,37.63547862,127.0171074,2026-06-30
147,강북장애인단체총연합회,번1-59,번1동,서울특별시 강북구 덕릉로 187-8,37.63617985,127.0343994,2026-06-30
148,강북장애인단체총연합회,번1-33,번1동,서울특별시 강북구 한천로124다길 61,37.63938936,127.0302222,2026-06-30
149,강북장애인단체총연합회,송중8-3,송중동,서울특별시 강북구 월계로21가길 37,37.61518957,127.0370832,2026-06-30
150,강북장애인단체총연합회,수유3-43,수유3동,서울특별시 강북구 한천로150길 20,37.64343506,127.0236656,2026-06-30
151,강북장애인단체총연합회,삼양-42,삼양동,서울특별시 강북구 인수봉로12길 34,37.62308876,127.0148688,2026-06-30
152,강북장애인단체총연합회,수유2-24,수유2동,서울특별시 강북구 한천로162길 25-15,37.64683938,127.0191223,2026-06-30
153,강북장애인단체총연합회,수유1-44,수유1동,서울특별시 강북구 삼양로69길 10,37.62869504,127.0172533,2026-06-30
154,강북장애인단체총연합회,미아3-15,미아동,서울특별시 강북구 솔매로41길 7,37.6260085,127.0235987,2026-06-30
155,강북장애인단체총연합회,송중9-40,송중동,서울특별시 강북구 도봉로28나길 13,37.62049702,127.0316115,2026-06-30
156,강북장애인단체총연합회,우이-34,우이동,서울특별시 강북구 삼양로155길 37-16,37.65735721,127.0108128,2026-06-30
157,강북장애인단체총연합회,수유1-18,수유1동,서울특별시 강북구 인수봉로30길 32-5,37.62998574,127.0153557,2026-06-30
158,강북장애인단체총연합회,삼양-13,삼양동,서울특별시 강북구 솔매로10길 10,37.62500836,127.0138353,2026-06-30
159,강북장애인단체총연합회,송천5-34,송천동,서울특별시 강북구 솔샘로 287,37.61851003,127.0244669,2026-06-30
160,강북장애인단체총연합회,인수-19,인수동,서울특별시 강북구 인수봉로72길 41,37.64277044,127.0130796,2026-06-30
161,강북장애인단체총연합회,번2-29,번2동,서울특별시 강북구 오현로25길 54,37.62780776,127.0353233,2026-06-30
162,강북장애인단체총연합회,미아3-40,미아동,서울특별시 강북구 덕릉로28길 27,37.63336661,127.0242843,2026-06-30
163,강북장애인단체총연합회,수유3-17,수유3동,서울특별시 강북구 노해로17길 66-3,37.64057974,127.0183434,2026-06-30
164,강북장애인단체총연합회,번1-4,번1동,서울특별시 강북구 한천로131길 29,37.63806556,127.0270216,2026-06-30
165,강북장애인단체총연합회,번1-58,번1동,서울특별시 강북구 덕릉로 193-8,37.6363916,127.0349519,2026-06-30
166,강북장애인단체총연합회,송천5-8,송천동,서울특별시 강북구 솔샘로53길 20,37.61968514,127.0227411,2026-06-30
167,강북장애인단체총연합회,우이-65,우이동,서울특별시 강북구 삼양로123가길 39,37.64642985,127.0121474,2026-06-30
168,강북장애인단체총연합회,수유3-42,수유3동,서울특별시 강북구 한천로150길 37,37.6439756,127.0247463,2026-06-30
169,강북장애인단체총연합회,송중8-31,송중동,서울특별시 강북구 오현로 16-3,37.61628302,127.0319606,2026-06-30
170,강북장애인단체총연합회,수유2-23,수유2동,서울특별시 강북구 한천로 1164,37.64777907,127.0161864,2026-06-30
171,강북장애인단체총연합회,수유1-43,수유1동,서울특별시 강북구 삼양로69길 24,37.62841,127.016566,2026-06-30
172,강북장애인단체총연합회,우이-8,우이동,서울특별시 강북구 삼양로169길 70,37.66128307,127.0094234,2026-06-30
173,강북장애인단체총연합회,인수-62,인수동,서울특별시 강북구 삼양로95길 17,37.63802723,127.0169493,2026-06-30
174,강북장애인단체총연합회,우이-33,우이동,서울특별시 강북구 삼양로159가길 9,37.65739002,127.0125804,2026-06-30
175,강북장애인단체총연합회,번1-32,번1동,서울특별시 강북구 한천로124다길 20,37.63823394,127.0321634,2026-06-30
176,강북장애인단체총연합회,송중8-2,송중동,서울특별시 강북구 월계로21가길 64,37.61615662,127.0374445,2026-06-30
177,강북장애인단체총연합회,송천5-33,송천동,서울특별시 강북구 솔샘로60가길 14,37.61764799,127.0259167,2026-06-30
178,강북장애인단체총연합회,삼양-41,삼양동,서울특별시 강북구 인수봉로12길 19,37.62347932,127.0141613,2026-06-30
179,강북장애인단체총연합회,번2-28,번2동,서울특별시 강북구 오현로25길 69,37.62724437,127.0347414,2026-06-30
180,강북장애인단체총연합회,미아3-39,미아동,서울특별시 강북구 덕릉로28길 59,37.63210012,127.0247654,2026-06-30
181,강북장애인단체총연합회,미아3-14,미아동,서울특별시 강북구 솔매로39길 6,37.62578158,127.0233977,2026-06-30
182,강북장애인단체총연합회,송중9-39,송중동,서울특별시 강북구 도봉로28나길 21,37.62009141,127.0315941,2026-06-30
183,강북장애인단체총연합회,번1-57,번1동,서울특별시 강북구 덕릉로 199,37.63644183,127.0355857,2026-06-30
184,강북장애인단체총연합회,수유1-17,수유1동,서울특별시 강북구 인수봉로28나길 1,37.62958398,127.0136389,2026-06-30
185,강북장애인단체총연합회,삼양-12,삼양동,서울특별시 강북구 솔매로 16,37.62510992,127.0141285,2026-06-30
186,강북장애인단체총연합회,수유3-41,수유3동,서울특별시 강북구 노해로 116,37.64549669,127.0245451,2026-06-30
187,강북장애인단체총연합회,인수-18,인수동,서울특별시 강북구 인수봉로72길 71,37.64343132,127.0145326,2026-06-30
188,강북장애인단체총연합회,수유2-22,수유2동,서울특별시 강북구 삼양로130길 9-21,37.64765345,127.0151681,2026-06-30
189,강북장애인단체총연합회,수유1-42,수유1동,서울특별시 강북구 삼양로69길 48,37.62749317,127.015751,2026-06-30
190,강북장애인단체총연합회,수유3-16,수유3동,서울특별시 강북구 삼양로102길 16-1,37.63994588,127.0179665,2026-06-30
191,강북장애인단체총연합회,번1-3,번1동,서울특별시 강북구 오패산로 402,37.63686203,127.0274905,2026-06-30
192,강북장애인단체총연합회,우이-32,우이동,서울특별시 강북구 삼양로159가길 25,37.65673167,127.0125097,2026-06-30
193,강북장애인단체총연합회,송천5-7,송천동,서울특별시 강북구 솔샘로53길 4,37.61910318,127.0231905,2026-06-30
194,강북장애인단체총연합회,우이-64,우이동,서울특별시 강북구 인수봉로82길 25,37.64596156,127.0121762,2026-06-30
195,강북장애인단체총연합회,송천5-32,송천동,서울특별시 강북구 솔샘로60길 46,37.61721881,127.0230452,2026-06-30
196,강북장애인단체총연합회,송중8-30,송중동,서울특별시 강북구 오패산로35길 46,37.61551527,127.0317326,2026-06-30
197,강북장애인단체총연합회,번2-27,번2동,서울특별시 강북구 오현로25길 42,37.62806326,127.0357165,2026-06-30
198,강북장애인단체총연합회,미아3-38,미아동,서울특별시 강북구 덕릉로30길 85,37.63105976,127.0264444,2026-06-30
199,강북장애인단체총연합회,우이-7,우이동,서울특별시 강북구 삼양로169길 40,37.66130651,127.0111458,2026-06-30
200,강북장애인단체총연합회,인수-61,인수동,서울특별시 강북구 삼양로99길 17,37.63886104,127.0164511,2026-06-30
201,강북장애인단체총연합회,번1-56,번1동,서울특별시 강북구 덕릉로51길 9,37.6367122,127.0355936,2026-06-30
202,강북장애인단체총연합회,번1-31,번1동,서울특별시 강북구 한천로124다길 8,37.63792241,127.032632,2026-06-30
203,강북장애인단체총연합회,송중8-1,송중동,서울특별시 강북구 월계로21가길 3,37.61386813,127.0374627,2026-06-30
204,강북장애인단체총연합회,수유3-40,수유3동,서울특별시 강북구 한천로148길 26,37.64311173,127.0248822,2026-06-30
205,강북장애인단체총연합회,삼양-40,삼양동,서울특별시 강북구 인수봉로12길 5,37.62374241,127.0132969,2026-06-30
206,강북장애인단체총연합회,수유2-21,수유2동,서울특별시 강북구 삼양로130길 9-9,37.64713317,127.015447,2026-06-30
207,강북장애인단체총연합회,수유1-41,수유1동,서울특별시 강북구 삼양로73가길 82,37.62716632,127.0143732,2026-06-30
208,강북장애인단체총연합회,미아3-13,미아동,서울특별시 강북구 솔매로37길 5,37.62559334,127.0224259,2026-06-30
209,강북장애인단체총연합회,송중9-38,송중동,서울특별시 강북구 도봉로20가길 2,37.61871009,127.030162,2026-06-30
210,강북장애인단체총연합회,우이-31,우이동,서울특별시 강북구 삼양로155가길 19,37.65701352,127.012812,2026-06-30
211,강북장애인단체총연합회,수유1-16,수유1동,서울특별시 강북구 인수봉로28나길 5,37.62974662,127.0136934,2026-06-30
212,강북장애인단체총연합회,삼양-11,삼양동,서울특별시 강북구 인수봉로20가길 21,37.62606853,127.0134701,2026-06-30
213,강북장애인단체총연합회,송천5-31,송천동,서울특별시 강북구 삼양로24가길 15,37.61777674,127.0229586,2026-06-30
214,강북장애인단체총연합회,인수-17,인수동,서울특별시 강북구 인수봉로 76길 34,37.64401042,127.0126666,2026-06-30
215,강북장애인단체총연합회,번2-26,번2동,서울특별시 강북구 오현로25마길 24,37.62778465,127.0347005,2026-06-30
216,강북장애인단체총연합회,미아3-37,미아동,서울특별시 강북구 도봉로68길 33,37.6314635,127.0262352,2026-06-30
217,강북장애인단체총연합회,수유3-15,수유3동,서울특별시 강북구 삼양로102길 5,37.64013881,127.0173294,2026-06-30
218,강북장애인단체총연합회,번1-2,번1동,서울특별시 강북구 덕릉로 129,37.63520952,127.0281464,2026-06-30
219,강북장애인단체총연합회,번1-55,번1동,서울특별시 강북구 덕릉로51길 55,37.63826642,127.0339306,2026-06-30
220,강북장애인단체총연합회,송천5-6,송천동,서울특별시 강북구 도봉로27길 76,37.61936462,127.0242972,2026-06-30
221,강북장애인단체총연합회,우이-63,인수동,서울특별시 강북구 인수봉로80길 12,37.64482885,127.0114093,2026-06-30
222,강북장애인단체총연합회,수유3-39,수유3동,서울특별시 강북구 한천로148길 22,37.64295708,127.0247029,2026-06-30
223,강북장애인단체총연합회,송중8-29,송중동,서울특별시 강북구 오현로4길 6,37.61613228,127.0311583,2026-06-30
224,강북장애인단체총연합회,수유2-20,수유2동,서울특별시 강북구 삼양로130길 13,37.64689313,127.0158354,2026-06-30
225,강북장애인단체총연합회,수유1-40,수유1동,서울특별시 강북구 인수봉로20나길 13,37.62690243,127.0129833,2026-06-30
226,강북장애인단체총연합회,우이-6,우이동,서울특별시 강북구 삼양로165길 55,37.66106734,127.0116363,2026-06-30
227,강북장애인단체총연합회,인수-60,인수동,서울특별시 강북구 삼각산로22길 24,37.63956528,127.0166231,2026-06-30
228,강북장애인단체총연합회,송중9-18,송중동,서울특별시 강북구 오패산로52라길 23,37.62429276,127.033001,2026-06-30
229,강북장애인단체총연합회,번1-30,번1동,서울특별시 강북구 한천로124나길 29,37.63813604,127.0312129,2026-06-30
230,강북장애인단체총연합회,미아3-69,미아동,서울특별시 강북구 오패산로52아길 11,37.62702615,127.0311983,2026-06-30
231,강북장애인단체총연합회,우이-30,우이동,서울특별시 강북구 삼양로159길 5,37.65729508,127.0130803,2026-06-30
232,강북장애인단체총연합회,삼양-39,삼양동,서울특별시 강북구 인수봉로 42,37.62383906,127.0130011,2026-06-30
233,강북장애인단체총연합회,번2-25,번2동,서울특별시 강북구 오현로25길 100,37.62666446,127.0332422,2026-06-30
234,강북장애인단체총연합회,송천5-30,송천동,서울특별시 강북구 삼양로24길 34,37.61758455,127.0225986,2026-06-30
235,강북장애인단체총연합회,미아3-12,송천동,서울특별시 강북구 도봉로49길 79,37.62421068,127.0219342,2026-06-30
236,강북장애인단체총연합회,송중9-37,송중동,서울특별시 강북구 도봉로20가길 7,37.61888684,127.0297406,2026-06-30
237,강북장애인단체총연합회,삼양-63,삼양동,서울특별시 강북구 인수봉로6가길 13,37.62245064,127.0139823,2026-06-30
238,강북장애인단체총연합회,수유1-15,수유1동,서울특별시 강북구 인수봉로28가길 8-3,37.62886883,127.0132405,2026-06-30
239,강북장애인단체총연합회,삼양-10,삼양동,서울특별시 강북구 솔매로7다길 16-7,37.62668221,127.0135866,2026-06-30
240,강북장애인단체총연합회,미아3-36,미아동,서울특별시 강북구 도봉로72길 38,37.63221109,127.0262028,2026-06-30
241,강북장애인단체총연합회,인수-16,인수동,서울특별시 강북구 인수봉로76길 15,37.64368647,127.0116397,2026-06-30
242,강북장애인단체총연합회,수유2-19,수유2동,서울특별시 강북구 삼양로130길 8,37.6465929,127.0154881,2026-06-30
243,강북장애인단체총연합회,번1-54,번1동,서울특별시 강북구 도봉로96길 87-7,37.63862811,127.0329855,2026-06-30
244,강북장애인단체총연합회,수유3-14,수유3동,서울특별시 강북구 노해로9길 82,37.63824788,127.0174789,2026-06-30
245,강북장애인단체총연합회,번1-1,번1동,서울특별시 강북구 덕릉로 147,37.63536096,127.0301272,2026-06-30
246,강북장애인단체총연합회,인수-40,인수동,서울특별시 강북구 인수봉로 203,37.637843,127.013224,2026-06-30
247,강북장애인단체총연합회,송천5-5,송천동,서울특별시 강북구 도봉로29길 63,37.61995453,127.0248105,2026-06-30
248,강북장애인단체총연합회,우이-62,우이동,서울특별시 강북구 인수봉로 305-1,37.64620614,127.0101786,2026-06-30
249,강북장애인단체총연합회,수유3-38,수유3동,서울특별시 강북구 한천로150길 16-17,37.64299875,127.0242945,2026-06-30
250,강북장애인단체총연합회,송중8-28,미아동,서울특별시 강북구 솔매로49길 14,37.62709054,127.0269719,2026-06-30
251,강북장애인단체총연합회,번2-24,번2동,서울특별시 강북구 오현로21길 116,37.62627446,127.0329301,2026-06-30
252,강북장애인단체총연합회,수유1-39,수유1동,서울특별시 강북구 인수봉로20길 32,37.62670831,127.0123967,2026-06-30
253,강북장애인단체총연합회,우이-5,우이동,서울특별시 강북구 삼양로165길 48,37.66094528,127.0121253,2026-06-30
254,강북장애인단체총연합회,인수-59,인수동,서울특별시 강북구 삼각산로22길 2,37.64054787,127.0166782,2026-06-30
255,강북장애인단체총연합회,송중9-17,송중동,서울특별시 강북구 오패산로52라길 35,37.62367287,127.0332243,2026-06-30
256,강북장애인단체총연합회,번1-29,번1동,서울특별시 강북구 한천로130길 19,37.63864595,127.0307644,2026-06-30
257,강북장애인단체총연합회,미아3-68,미아동,서울특별시 강북구 오패산로52아길 28,37.62761548,127.030545,2026-06-30
258,강북장애인단체총연합회,우이-29,우이동,서울특별시 강북구 삼양로159길 20,37.65790525,127.0127776,2026-06-30
259,강북장애인단체총연합회,삼양-38,삼양동,서울특별시 강북구 인수봉로17길 11,37.62479435,127.0119462,2026-06-30
260,강북장애인단체총연합회,수유2-18,수유2동,서울특별시 강북구 삼양로124길 7-14,37.64592531,127.0164714,2026-06-30
261,강북장애인단체총연합회,송천5-29,송천동,서울특별시 강북구 삼양로28길 8-11,37.61805689,127.0219694,2026-06-30
262,강북장애인단체총연합회,미아3-11,미아동,서울특별시 강북구 삼양로54길 125,37.62359535,127.0248876,2026-06-30
263,강북장애인단체총연합회,송중9-36,송중동,서울특별시 강북구 도봉로22길 18,37.61911319,127.0309724,2026-06-30
264,강북장애인단체총연합회,삼양-62,삼양동,서울특별시 강북구 삼양로41길 73,37.62152982,127.0159315,2026-06-30
265,강북장애인단체총연합회,수유1-14,수유1동,서울특별시 강북구 삼양로77가길 90,37.62832799,127.0132137,2026-06-30
266,강북장애인단체총연합회,삼양-9,삼양동,서울특별시 강북구 인수봉로20나길 38,37.62665345,127.0144593,2026-06-30
267,강북장애인단체총연합회,미아3-35,미아동,서울특별시 강북구 도봉로68길 19-3,37.63143857,127.0253971,2026-06-30
268,강북장애인단체총연합회,인수-15,인수동,서울특별시 강북구 인수봉로 278,37.64353786,127.0111091,2026-06-30
269,강북장애인단체총연합회,번2-23,번2동,서울특별시 강북구 오현로25라길 69,37.62628903,127.0336096,2026-06-30
270,강북장애인단체총연합회,번1-53,번1동,서울특별시 강북구 도봉로96길 65-6,37.63912559,127.0321179,2026-06-30
271,강북장애인단체총연합회,수유3-13,수유3동,서울특별시 강북구 노해로9길 75,37.63795161,127.0176074,2026-06-30
272,강북장애인단체총연합회,삼양-81,삼양동,서울특별시 강북구 솔샘로47길 27,37.62122291,127.0180312,2026-06-30
273,강북장애인단체총연합회,인수-39,인수동,서울특별시 강북구 인수봉로 229,37.63966498,127.0123728,2026-06-30
274,강북장애인단체총연합회,송천5-4,송천동,서울특별시 강북구 도봉로29길 67,37.61996984,127.0244818,2026-06-30
275,강북장애인단체총연합회,우이-61,우이동,서울특별시 강북구 4.19로9길 5,37.64677685,127.0094685,2026-06-30
276,강북장애인단체총연합회,수유3-37,수유3동,서울특별시 강북구 한천로150길 6-21,37.64263576,127.0239819,2026-06-30
277,강북장애인단체총연합회,송중8-27,송중동,서울특별시 강북구 오패산로35길 8,37.61487865,127.0332134,2026-06-30
278,강북장애인단체총연합회,수유2-17,수유2동,서울특별시 강북구 삼양로124길 7-9,37.6456339,127.0161013,2026-06-30
279,강북장애인단체총연합회,수유1-38,수유1동,서울특별시 강북구 인수봉로19길 33,37.62666023,127.0120349,2026-06-30
280,강북장애인단체총연합회,우이-4,우이동,서울특별시 강북구 삼양로169길 12-5,37.66144392,127.0124927,2026-06-30
281,강북장애인단체총연합회,인수-58,인수동,서울특별시 강북구 삼각산로17길 3,37.6408297,127.0148162,2026-06-30
282,강북장애인단체총연합회,송중9-16,송중동,서울특별시 강북구 오패산로52라길 62,37.62255718,127.0334199,2026-06-30
283,강북장애인단체총연합회,번1-28,번1동,서울특별시 강북구 한천로124나길 51,37.63877691,127.0302529,2026-06-30
284,강북장애인단체총연합회,미아3-67,미아동,서울특별시 강북구 오패산로52길 123,37.62785362,127.0310177,2026-06-30
285,강북장애인단체총연합회,우이-28,우이동,서울특별시 강북구 삼양로155길 59,37.65788838,127.0118371,2026-06-30
286,강북장애인단체총연합회,삼양-37,삼양동,서울특별시 강북구 인수봉로17길 15,37.62467457,127.0116306,2026-06-30
287,강북장애인단체총연합회,번2-22,번2동,서울특별시 강북구 오현로25라길 61,37.62652698,127.0340597,2026-06-30
288,강북장애인단체총연합회,송천5-28,송천동,서울특별시 강북구 삼양로24길 52-8,37.61819183,127.0230325,2026-06-30
289,강북장애인단체총연합회,미아3-10,미아동,서울특별시 강북구 도봉로45길 46,37.62387786,127.0241816,2026-06-30
290,강북장애인단체총연합회,송중9-35,송중동,서울특별시 강북구 도봉로18다길 8,37.61914626,127.0317083,2026-06-30
291,강북장애인단체총연합회,삼양-61,삼양동,서울특별시 강북구 삼양로41길 52,37.62178391,127.0172309,2026-06-30
292,강북장애인단체총연합회,수유1-13,수유1동,서울특별시 강북구 인수봉로 109,37.62970046,127.0124818,2026-06-30
293,강북장애인단체총연합회,삼양-8,삼양동,서울특별시 강북구 인수봉로20나길 62,37.62687997,127.0156911,2026-06-30
294,강북장애인단체총연합회,미아3-34,미아동,서울특별시 강북구 도봉로68길 15,37.63127565,127.0253086,2026-06-30
295,강북장애인단체총연합회,인수-14,인수동,서울특별시 강북구 인수봉로 268-1,37.6425291,127.0111565,2026-06-30
296,강북장애인단체총연합회,수유2-16,수유2동,서울특별시 강북구 삼양로124길 5-10,37.64559692,127.0159885,2026-06-30
297,강북장애인단체총연합회,번1-52,번1동,서울특별시 강북구 도봉로96나길 27,37.63939808,127.0334854,2026-06-30
298,강북장애인단체총연합회,수유3-12,수유3동,서울특별시 강북구 노해로9나길 7,37.63841165,127.0176694,2026-06-30
299,강북장애인단체총연합회,삼양-80,삼양동,서울특별시 강북구 삼양로68가길 7,37.62901277,127.0197075,2026-06-30
300,강북장애인단체총연합회,인수-38,인수동,서울특별시 강북구 인수봉로51길 43,37.63534421,127.0107191,2026-06-30
301,강북장애인단체총연합회,송천5-3,송천동,서울특별시 강북구 도봉로29길 86,37.62038579,127.0235702,2026-06-30
302,강북장애인단체총연합회,우이-60,우이동,서울특별시 강북구 4.19로9길 24,37.64584026,127.0095262,2026-06-30
303,강북장애인단체총연합회,수유3-36,수유3동,서울특별시 강북구 노해로 56,37.64066132,127.02275,2026-06-30
304,강북장애인단체총연합회,송중8-26,송중동,서울특별시 강북구 오패산로37길 8,37.61530117,127.0330946,2026-06-30
305,강북장애인단체총연합회,송천5-60,송천동,서울특별시 강북구 솔샘로64길 23,37.61627751,127.0279961,2026-06-30
306,강북장애인단체총연합회,수유1-37,수유1동,서울특별시 강북구 인수봉로 83-3,37.62729904,127.0119245,2026-06-30
307,강북장애인단체총연합회,우이-3,우이동,서울특별시 강북구 삼양로 654,37.66117486,127.0137204,2026-06-30
308,강북장애인단체총연합회,인수-57,인수동,서울특별시 강북구 삼양로107길 14,37.64155998,127.015951,2026-06-30
309,강북장애인단체총연합회,송중9-15,송중동,서울특별시 강북구 오현로9길 106,37.62133785,127.0330619,2026-06-30
310,강북장애인단체총연합회,번1-27,번1동,서울특별시 강북구 한천로124나길 66,37.63933159,127.0297698,2026-06-30
311,강북장애인단체총연합회,미아3-66,미아동,서울특별시 강북구 오패산로52아길 50,37.62842186,127.0299907,2026-06-30
312,강북장애인단체총연합회,우이-27,우이동,서울특별시 강북구 삼양로 159나길 12,37.65795543,127.0112355,2026-06-30
313,강북장애인단체총연합회,삼양-36,삼양동,서울특별시 강북구 인수봉로19길 9,37.62562463,127.0121052,2026-06-30
314,강북장애인단체총연합회,번2-21,번2동,서울특별시 강북구 오현로25라길 54,37.62682586,127.0342484,2026-06-30
315,강북장애인단체총연합회,송천5-27,송천동,서울특별시 강북구 삼양로20나길 30,37.61605611,127.0240911,2026-06-30
316,강북장애인단체총연합회,미아3-9,미아동,서울특별시 강북구 도봉로47길 53,37.62390491,127.0230937,2026-06-30
317,강북장애인단체총연합회,송중9-34,송중동,서울특별시 강북구 도봉로18길 46,37.61886474,127.03144,2026-06-30
318,강북장애인단체총연합회,삼양-60,삼양동,서울특별시 강북구 인수봉로6길 47,37.62215556,127.0153342,2026-06-30
319,강북장애인단체총연합회,수유1-12,수유1동,서울특별시 강북구 인수봉로29길 3,37.62987618,127.0130233,2026-06-30
320,강북장애인단체총연합회,삼양-7,삼양동,서울특별시 강북구 삼양로63길 25-1,37.62722039,127.0165363,2026-06-30
321,강북장애인단체총연합회,미아3-33,미아동,서울특별시 강북구 솔매로45길 95-35,37.62994073,127.0229582,2026-06-30
322,강북장애인단체총연합회,인수-13,인수동,서울특별시 강북구 인수봉로 261,37.64204725,127.0106416,2026-06-30
323,강북장애인단체총연합회,수유2-15,수유2동,서울특별시 강북구 한천로161길 35,37.64581526,127.0173227,2026-06-30
324,강북장애인단체총연합회,번1-51,번1동,서울특별시 강북구 도봉로96다길 15,37.63980714,127.0328229,2026-06-30
325,강북장애인단체총연합회,수유3-11,수유3동,서울특별시 강북구 노해로9길 69,37.63788293,127.0180162,2026-06-30
326,강북장애인단체총연합회,삼양-79,삼양동,서울특별시 강북구 도봉로67길 42-16,37.62974873,127.0215332,2026-06-30
327,강북장애인단체총연합회,인수-37,인수동,서울특별시 강북구 인수봉로55길 39-18,37.63599127,127.0105179,2026-06-30
328,강북장애인단체총연합회,송천5-2,송천동,서울특별시 강북구 삼양로38가길 40,37.62261499,127.020743,2026-06-30
329,강북장애인단체총연합회,우이-59,우이동,서울특별시 강북구 인수봉로81길 11-8,37.64532009,127.0098164,2026-06-30
330,강북장애인단체총연합회,수유3-35,수유3동,서울특별시 강북구 노해로 42-1,37.63944609,127.0228906,2026-06-30
331,강북장애인단체총연합회,송중8-25,송중동,서울특별시 강북구 오패산로37길 6-3,37.61538179,127.033037,2026-06-30
332,강북장애인단체총연합회,송천5-59,송천동,서울특별시 강북구 도봉로15길 19,37.61643551,127.0285831,2026-06-30
333,강북장애인단체총연합회,수유1-36,수유1동,서울특별시 강북구 인수봉로23가길 10,37.62738421,127.0113342,2026-06-30
334,강북장애인단체총연합회,우이-2,우이동,서울특별시 강북구 삼양로170길 16,37.66118035,127.0143777,2026-06-30
335,강북장애인단체총연합회,인수-56,인수동,서울특별시 강북구 삼양로109길 26,37.64193271,127.0152662,2026-06-30
336,강북장애인단체총연합회,송중9-14,송중동,서울특별시 강북구 오현로9길 111,37.62149761,127.0327653,2026-06-30
337,강북장애인단체총연합회,번1-26,번1동,서울특별시 강북구 한천로132길 6,37.63924073,127.0285812,2026-06-30
338,강북장애인단체총연합회,미아3-65,송중동,서울특별시 강북구 오패산로48길 12,37.62127117,127.032621,2026-06-30
339,강북장애인단체총연합회,우이-26,우이동,서울특별시 강북구 삼양로159나길 19,37.65760312,127.0111269,2026-06-30
340,강북장애인단체총연합회,삼양-35,삼양동,서울특별시 강북구 인수봉로20길 26,37.62641138,127.012446,2026-06-30
341,강북장애인단체총연합회,번2-20,번2동,서울특별시 강북구 오현로25길 18-6,37.62832009,127.0373785,2026-06-30
342,강북장애인단체총연합회,송천5-26,송천동,서울특별시 강북구 도봉로37길 54,37.62187185,127.0245816,2026-06-30
343,강북장애인단체총연합회,미아3-8,미아동,서울특별시 강북구 도봉로47길 31,37.62416765,127.0243591,2026-06-30
344,강북장애인단체총연합회,송중9-33,송중동,서울특별시 강북구 도봉로18가길 8,37.61825367,127.0316405,2026-06-30
345,강북장애인단체총연합회,삼양-59,삼양동,서울특별시 강북구 인수봉로6길 8,37.62212879,127.0132049,2026-06-30
346,강북장애인단체총연합회,수유1-11,수유1동,서울특별시 강북구 인수봉로31길 5,37.63022868,127.0131546,2026-06-30
347,강북장애인단체총연합회,삼양-6,삼양동,서울특별시 강북구 삼양로63길 6,37.62756269,127.0176081,2026-06-30
348,강북장애인단체총연합회,미아3-32,미아동,서울특별시 강북구 도봉로65길 40-6,37.62965591,127.0222935,2026-06-30
349,강북장애인단체총연합회,인수-12,인수동,서울특별시 강북구 인수봉로73길 7-4,37.64225996,127.0102196,2026-06-30
350,강북장애인단체총연합회,수유2-14,수유2동,서울특별시 강북구 한천로161길 27-6,37.64551993,127.0175646,2026-06-30
351,강북장애인단체총연합회,번1-50,번1동,서울특별시 강북구 도봉로102길 70,37.64020605,127.0331237,2026-06-30
352,강북장애인단체총연합회,수유3-10,수유3동,서울특별시 강북구 노해로9길 65,37.6379566,127.0182079,2026-06-30
353,강북장애인단체총연합회,삼양-78,삼양동,서울특별시 강북구 삼양로58가길 23-8,37.62769393,127.0203932,2026-06-30
354,강북장애인단체총연합회,인수-36,인수동,서울특별시 강북구 인수봉로61길 65,37.63729563,127.0102627,2026-06-30
355,강북장애인단체총연합회,송천5-1,송천동,서울특별시 강북구 삼양로46가길 18,37.62346515,127.0200408,2026-06-30
356,강북장애인단체총연합회,우이-58,인수동,서울특별시 강북구 인수봉로79길 13,37.64485313,127.0100039,2026-06-30
357,강북장애인단체총연합회,수유3-34,수유3동,서울특별시 강북구 한천로139나길 14-8,37.63975329,127.0251753,2026-06-30
358,강북장애인단체총연합회,송중8-24,송중동,서울특별시 강북구 오현로8길 6,37.6161267,127.0326762,2026-06-30
359,강북장애인단체총연합회,송천5-58,송천동,서울특별시 강북구 삼양로38라길 27,37.62007236,127.0227134,2026-06-30
360,강북장애인단체총연합회,수유1-35,수유1동,서울특별시 강북구 인수봉로23가길 4-18,37.62743191,127.0105746,2026-06-30
361,강북장애인단체총연합회,우이-1,우이동,서울특별시 강북구 삼양로 644,37.66023049,127.0139255,2026-06-30
362,강북장애인단체총연합회,인수-55,인수동,서울특별시 강북구 삼양로109길 20-5,37.64212389,127.0155017,2026-06-30
363,강북장애인단체총연합회,송중9-13,송중동,서울특별시 강북구 오현로9길 133,37.62253128,127.0324574,2026-06-30
364,강북장애인단체총연합회,번1-25,번1동,서울특별시 강북구 한천로124가길 53,37.63852102,127.0298143,2026-06-30
365,강북장애인단체총연합회,미아3-64,미아동,서울특별시 강북구 오패산로52사길 61,37.6286405,127.0302824,2026-06-30
366,강북장애인단체총연합회,우이-25,우이동,서울특별시 강북구 삼양로155나길 30,37.6580863,127.0107238,2026-06-30
367,강북장애인단체총연합회,삼양-34,삼양동,서울특별시 강북구 인수봉로20가길 5,37.62615077,127.0125287,2026-06-30
368,강북장애인단체총연합회,번2-19,번2동,서울특별시 강북구 오현로25길 27,37.62817013,127.0366667,2026-06-30
369,강북장애인단체총연합회,송천5-25,미아동,서울특별시 강북구 오패산로52바길 30,37.62696002,127.0319242,2026-06-30
370,강북장애인단체총연합회,미아3-7,미아동,서울특별시 강북구 도봉로49길 59,37.62435678,127.0232578,2026-06-30
371,강북장애인단체총연합회,송중9-32,송중동,서울특별시 강북구 도봉로18길 29,37.61815039,127.0311321,2026-06-30
372,강북장애인단체총연합회,삼양-58,삼양동,서울특별시 강북구 솔샘로31길 10,37.62066397,127.0125899,2026-06-30
373,강북장애인단체총연합회,수유1-10,수유1동,서울특별시 강북구 인수봉로37길 10,37.63187767,127.0131668,2026-06-30
374,강북장애인단체총연합회,삼양-5,삼양동,서울특별시 강북구 삼양로65길 10,37.62770542,127.0174363,2026-06-30
375,강북장애인단체총연합회,미아3-31,미아동,서울특별시 강북구 도봉로65길 73,37.62870561,127.0206972,2026-06-30
376,강북장애인단체총연합회,인수-11,인수동,서울특별시 강북구 인수봉로73나길 27,37.64130429,127.0090765,2026-06-30
377,강북장애인단체총연합회,수유2-13,수유2동,서울특별시 강북구 삼양로122길 33-2,37.64532725,127.0171478,2026-06-30
378,강북장애인단체총연합회,번1-49,번1동,서울특별시 강북구 도봉로98길 33,37.64147629,127.0319968,2026-06-30
379,강북장애인단체총연합회,수유3-9,수유3동,서울특별시 강북구 노해로9길 59,37.63800466,127.0185698,2026-06-30
380,강북장애인단체총연합회,삼양-77,삼양동,서울특별시 강북구 삼양로64길 20-3,37.62767769,127.0195211,2026-06-30
381,강북장애인단체총연합회,인수-35,인수동,서울특별시 강북구 인수봉로55나길 9,37.6372043,127.0101166,2026-06-30
382,강북장애인단체총연합회,송중9-60,송중동,서울특별시 강북구 오패산로 188,37.61863549,127.0331535,2026-06-30
383,강북장애인단체총연합회,우이-57,우이동,서울특별시 강북구 인수봉로81길 11-22,37.64513458,127.0091843,2026-06-30
384,강북장애인단체총연합회,수유3-33,수유3동,서울특별시 강북구 노해로8가길 3,37.63818129,127.0235756,2026-06-30
385,강북장애인단체총연합회,송중8-23,송중동,서울특별시 강북구 오패산로 155-1,37.6157808,127.033349,2026-06-30
386,강북장애인단체총연합회,송천5-57,송천동,서울특별시 강북구 숭인로13길 33,37.61402447,127.0268474,2026-06-30
387,강북장애인단체총연합회,수유1-34,수유1동,서울특별시 강북구 인수봉로23길 54,37.6275534,127.0100178,2026-06-30
388,강북장애인단체총연합회,미아3-6,미아동,서울특별시 강북구 도봉로49길 66,37.62446078,127.0227579,2026-06-30
389,강북장애인단체총연합회,인수-54,인수동,서울특별시 강북구 삼양로111가길 8-3,37.6423535,127.0149434,2026-06-30
390,강북장애인단체총연합회,송중9-12,송중동,서울특별시 강북구 오현로9길 142,37.62297423,127.0326329,2026-06-30
391,강북장애인단체총연합회,번1-24,번1동,서울특별시 강북구 한천로 998,37.63783223,127.0304237,2026-06-30
392,강북장애인단체총연합회,미아3-63,미아동,서울특별시 강북구 오패산로52사길 43,37.62877973,127.0307791,2026-06-30
393,강북장애인단체총연합회,우이-24,우이동,서울특별시 강북구 삼양로159길 60-7,37.6590483,127.010473,2026-06-30
394,강북장애인단체총연합회,삼양-33,삼양동,서울특별시 강북구 인수봉로14길 4,37.62415334,127.0128723,2026-06-30
395,강북장애인단체총연합회,번2-18,번2동,서울특별시 강북구 오현로25다길 15,37.62759242,127.0365382,2026-06-30
396,강북장애인단체총연합회,송천5-24,미아동,서울특별시 강북구 오패산로52아길41-6,37.62800492,127.0296902,2026-06-30
397,강북장애인단체총연합회,수유3-8,수유3동,서울특별시 강북구 수유로17나길 7,37.63708477,127.0184686,2026-06-30
398,강북장애인단체총연합회,송중9-31,송중동,서울특별시 강북구 오현로7길 23,37.61763388,127.0318751,2026-06-30
399,강북장애인단체총연합회,삼양-57,삼양동,서울특별시 강북구 솔샘로 203,37.62030675,127.015132,2026-06-30
400,강북장애인단체총연합회,수유1-9,수유1동,서울특별시 강북구 삼양로 336-8,37.63351329,127.0180623,2026-06-30
401,강북장애인단체총연합회,삼양-4,삼양동,서울특별시 강북구 삼양로65길 18,37.62768439,127.017074,2026-06-30
402,강북장애인단체총연합회,미아3-30,미아동,서울특별시 강북구 도봉로63길 60,37.62858098,127.0208801,2026-06-30
403,강북장애인단체총연합회,인수-10,인수동,서울특별시 강북구 인수봉로73나길 2,37.64201451,127.0088857,2026-06-30
404,강북장애인단체총연합회,수유2-12,수유2동,서울특별시 강북구 삼양로122길 29-3,37.64506428,127.0169473,2026-06-30
405,강북장애인단체총연합회,번1-48,번1동,서울특별시 강북구 도봉로96가길 51,37.64180416,127.031324,2026-06-30
406,강북장애인단체총연합회,미아3-5,미아동,서울특별시 강북구 솔매로36길 9,37.62484387,127.0222318,2026-06-30
407,강북장애인단체총연합회,삼양-76,삼양동,서울특별시 강북구 삼양로68길 4-1,37.628138,127.0185295,2026-06-30
408,강북장애인단체총연합회,인수-34,인수동,서울특별시 강북구 인수봉로55가길 2,37.63664135,127.0096029,2026-06-30
409,강북장애인단체총연합회,송중9-59,송중동,서울특별시 강북구 솔매로50길 46,37.62444597,127.0275161,2026-06-30
410,강북장애인단체총연합회,우이-56,인수동,서울특별시 강북구 4.19로13길 42,37.64458851,127.0085343,2026-06-30
411,강북장애인단체총연합회,수유3-32,수유3동,서울특별시 강북구 삼각산로36길 19,37.64131347,127.022073,2026-06-30
412,강북장애인단체총연합회,송중8-22,송중동,서울특별시 강북구 오패산로38길 5,37.61544381,127.0340103,2026-06-30
413,강북장애인단체총연합회,송천5-56,송천동,서울특별시 강북구 숭인로13길 27-2,37.61385404,127.0269402,2026-06-30
414,강북장애인단체총연합회,수유1-33,수유1동,서울특별시 강북구 인수봉로23길 57,37.62724546,127.0098293,2026-06-30
415,강북장애인단체총연합회,수유3-7,수유3동,서울특별시 강북구 삼양로92길 29,37.63646378,127.0185561,2026-06-30
416,강북장애인단체총연합회,인수-53,인수동,서울특별시 강북구 삼양로111길 37,37.642016,127.0144493,2026-06-30
417,강북장애인단체총연합회,송중9-11,송중동,서울특별시 강북구 오현로9길 156-4,37.62351368,127.03249,2026-06-30
418,강북장애인단체총연합회,번1-23,번1동,서울특별시 강북구 한천로 988,37.63724551,127.0313944,2026-06-30
419,강북장애인단체총연합회,미아3-62,미아동,서울특별시 강북구 오패산로52사길 35,37.62846636,127.0310211,2026-06-30
420,강북장애인단체총연합회,우이-23,우이동,서울특별시 강북구 삼양로163길 63,37.65932086,127.0107414,2026-06-30
421,강북장애인단체총연합회,삼양-32,삼양동,서울특별시 강북구 솔매로6길 17,37.62447368,127.0134685,2026-06-30
422,강북장애인단체총연합회,번2-17,번2동,서울특별시 강북구 오현로25다길 90,37.62577857,127.0328912,2026-06-30
423,강북장애인단체총연합회,송천5-23,송천동,서울특별시 강북구 도봉로19길 17-4,37.61794621,127.0282123,2026-06-30
424,강북장애인단체총연합회,미아3-4,미아동,서울특별시 강북구 도봉로51길 46,37.62507697,127.0231804,2026-06-30
425,강북장애인단체총연합회,송중9-30,송중동,서울특별시 강북구 도봉로18다길 21,37.61943957,127.0323162,2026-06-30
426,강북장애인단체총연합회,삼양-56,삼양동,서울특별시 강북구 솔샘로 207-1,37.62026671,127.0157329,2026-06-30
427,강북장애인단체총연합회,수유1-8,수유1동,서울특별시 강북구 덕릉로12길 6,37.63372345,127.0162468,2026-06-30
428,강북장애인단체총연합회,삼양-3,삼양동,서울특별시 강북구 삼양로67길 14,37.62809976,127.0171818,2026-06-30
429,강북장애인단체총연합회,미아3-29,미아동,서울특별시 강북구 솔매로41길 81,37.62890485,127.0219068,2026-06-30
430,강북장애인단체총연합회,인수-9,인수동,서울특별시 강북구 인수봉로73가길 15-5,37.6426864,127.0084236,2026-06-30
431,강북장애인단체총연합회,수유2-11,수유2동,서울특별시 강북구 삼각산로31길 28,37.64269566,127.0203325,2026-06-30
432,강북장애인단체총연합회,번1-47,번1동,서울특별시 강북구 한천로132길 87,37.64212804,127.0312631,2026-06-30
433,강북장애인단체총연합회,수유3-6,수유3동,서울특별시 강북구 삼양로92길 49,37.63578546,127.0193354,2026-06-30
434,강북장애인단체총연합회,삼양-75,삼양동,서울특별시 강북구 삼양로47길 5,37.62313892,127.0187311,2026-06-30
435,강북장애인단체총연합회,인수-33,인수동,서울특별시 강북구 인수봉로55가길 18,37.63601165,127.0097245,2026-06-30
436,강북장애인단체총연합회,송중9-58,송중동,서울특별시 강북구 솔매로50길 62,37.62372792,127.0278539,2026-06-30
437,강북장애인단체총연합회,우이-55,인수동,서울특별시 강북구 4.19로21길 38,37.6446997,127.0067538,2026-06-30
438,강북장애인단체총연합회,수유3-31,수유3동,서울특별시 강북구 노해로13길 12,37.6396901,127.0218903,2026-06-30
439,강북장애인단체총연합회,송중8-21,송중동,서울특별시 강북구 오패산로38길 6-12,37.61491392,127.034221,2026-06-30
440,강북장애인단체총연합회,송천5-55,송천동,서울특별시 강북구 삼양로16길 35,37.61314523,127.0240272,2026-06-30
441,강북장애인단체총연합회,수유1-32,수유1동,서울특별시 강북구 인수봉로23길 14,37.62802207,127.0121868,2026-06-30
442,강북장애인단체총연합회,미아3-3,미아동,서울특별시 강북구 도봉로51길 29,37.62506626,127.0240641,2026-06-30
443,강북장애인단체총연합회,인수-52,인수동,서울특별시 강북구 삼양로111길 57,37.64178956,127.0132285,2026-06-30
444,강북장애인단체총연합회,송중9-10,송중동,서울특별시 강북구 오현로9길 166,37.62400744,127.0322684,2026-06-30
445,강북장애인단체총연합회,번1-22,번1동,서울특별시 강북구 덕릉로41길 15,37.63564657,127.030894,2026-06-30
446,강북장애인단체총연합회,미아3-61,미아동,서울특별시 강북구 오패산로52사길 9,37.62743696,127.0318501,2026-06-30
447,강북장애인단체총연합회,우이-22,우이동,서울특별시 강북구 삼양로163길 54,37.65956904,127.0113275,2026-06-30
448,강북장애인단체총연합회,삼양-31,삼양동,서울특별시 강북구 솔매로22가길 62,37.62380022,127.0148254,2026-06-30
449,강북장애인단체총연합회,번2-16,번2동,서울특별시 강북구 오현로25다길 60,37.62657526,127.0344555,2026-06-30
450,강북장애인단체총연합회,송천5-22,송천동,서울특별시 강북구 도봉로21길 10,37.61858113,127.0276263,2026-06-30
451,강북장애인단체총연합회,수유3-5,수유3동,서울특별시 강북구 수유로 53-5,37.63584966,127.0194706,2026-06-30
452,강북장애인단체총연합회,송중9-29,송중동,서울특별시 강북구 도봉로28길 70,37.62095315,127.0322966,2026-06-30
453,강북장애인단체총연합회,삼양-55,삼각산동,서울특별시 강북구 솔샘로48길 11-2,37.61923344,127.0182499,2026-06-30
454,강북장애인단체총연합회,수유1-7,수유1동,서울특별시 강북구 덕릉로 12,37.63373005,127.0148758,2026-06-30
455,강북장애인단체총연합회,삼양-2,삼양동,서울특별시 강북구 삼양로69길 17-4,37.62809684,127.0168307,2026-06-30
456,강북장애인단체총연합회,미아3-28,미아동,서울특별시 강북구 도봉로63길 30,37.62897288,127.0225064,2026-06-30
457,강북장애인단체총연합회,인수-8,인수동,서울특별시 강북구 인수봉로79길 79,37.6426254,127.0075972,2026-06-30
458,강북장애인단체총연합회,수유2-10,수유2동,서울특별시 강북구 삼각산로31길 10,37.64202362,127.0207833,2026-06-30
459,강북장애인단체총연합회,번1-46,번1동,서울특별시 강북구 한천로132길 70,37.64156444,127.0306586,2026-06-30
460,강북장애인단체총연합회,미아3-2,미아동,서울특별시 강북구 솔매로45길 7,37.62635559,127.0252595,2026-06-30
461,강북장애인단체총연합회,삼양-74,삼양동,서울특별시 강북구 삼양로53길 15-2,37.62441653,127.0174228,2026-06-30
462,강북장애인단체총연합회,인수-32,인수동,서울특별시 강북구 인수봉로55가길 30,37.63545241,127.0096526,2026-06-30
463,강북장애인단체총연합회,송중9-57,송중동,서울특별시 강북구 도봉로30길 42,37.62132812,127.0307738,2026-06-30
464,강북장애인단체총연합회,우이-54,우이동,서울특별시 강북구 4.19로 67,37.64593721,127.0071226,2026-06-30
465,강북장애인단체총연합회,수유3-30,수유3동,서울특별시 강북구 삼각산로34길 12,37.64139878,127.021494,2026-06-30
466,강북장애인단체총연합회,송중8-20,송중동,서울특별시 강북구 오패산로38길 20,37.6152518,127.0347717,2026-06-30
467,강북장애인단체총연합회,송천5-54,송천동,서울특별시 강북구 도봉로37길 56,37.62185289,127.0244686,2026-06-30
468,강북장애인단체총연합회,수유1-31,수유1동,서울특별시 강북구 삼양로77가길 98,37.62815312,127.0127742,2026-06-30
469,강북장애인단체총연합회,수유3-4,수유3동,서울특별시 강북구 수유로17길 19,37.63678148,127.0199229,2026-06-30
470,강북장애인단체총연합회,인수-51,인수동,서울특별시 강북구 인수봉로68길 19,37.64101743,127.0124795,2026-06-30
471,강북장애인단체총연합회,번1-21,번1동,서울특별시 강북구 덕릉로41길 43,37.63675592,127.0299278,2026-06-30
472,강북장애인단체총연합회,미아3-60,미아동,서울특별시 강북구 오패산로52길 73,37.6261331,127.0321729,2026-06-30
473,강북장애인단체총연합회,삼양-30,삼양동,서울특별시 강북구 솔매로22가길 45,37.62447262,127.0144201,2026-06-30
474,강북장애인단체총연합회,번2-15,번2동,서울특별시 강북구 오현로25나길 92,37.62562828,127.0332443,2026-06-30
475,강북장애인단체총연합회,미아3-1,미아동,서울특별시 강북구 솔매로43길 9,37.62619308,127.0241287,2026-06-30
476,강북장애인단체총연합회,송중9-28,송중동,서울특별시 강북구 오패산로223,37.62175323,127.032071,2026-06-30
477,강북장애인단체총연합회,수유1-6,수유1동,서울특별시 강북구 인수봉로 148,37.63290084,127.0137651,2026-06-30
478,강북장애인단체총연합회,삼양-1,삼양동,서울특별시 강북구 삼양로63가길 13,37.62772359,127.0163711,2026-06-30
479,강북장애인단체총연합회,인수-7,인수동,서울특별시 강북구 4.19로25길 54,37.6420748,127.0053383,2026-06-30
480,강북장애인단체총연합회,수유2-9,수유2동,서울특별시 강북구 삼각산로33길 3,37.64199903,127.0210782,2026-06-30
481,강북장애인단체총연합회,수유3-3,수유3동,서울특별시 강북구 수유로 69-10,37.6366547,127.0209329,2026-06-30
482,강북장애인단체총연합회,삼양-73,삼양동,서울특별시 강북구 삼양로53길 19-3,37.62428955,127.0173226,2026-06-30
483,강북장애인단체총연합회,송중9-56,송중동,서울특별시 강북구 도봉로38길 21,37.62292583,127.0289292,2026-06-30
484,강북장애인단체총연합회,우이-53,우이동,서울특별시 강북구 4.19로 55,37.64641788,127.0085667,2026-06-30
485,강북장애인단체총연합회,송중8-19,송중동,서울특별시 강북구 오현로 40,37.61644682,127.0343598,2026-06-30
486,강북장애인단체총연합회,송천5-53,송천동,서울특별시 강북구 삼양로14길 17,37.61221429,127.0225895,2026-06-30
487,강북장애인단체총연합회,번2-53,번2동,서울특별시 강북구 오현로25라길 28,37.62752103,127.0355196,2026-06-30
488,강북장애인단체총연합회,인수-50,인수동,서울특별시 강북구 인수봉로68길 25,37.6411738,127.0128627,2026-06-30
489,강북장애인단체총연합회,번1-20,번1동,서울특별시 강북구 한천로129길 21,37.63706586,127.0292667,2026-06-30
490,강북장애인단체총연합회,미아3-59,미아동,서울특별시 강북구 오패산로58길 6,37.62550421,127.0301985,2026-06-30
491,강북장애인단체총연합회,삼양-29,삼양동,서울특별시 강북구 솔매로22가길 37,37.62452097,127.0148159,2026-06-30
492,강북장애인단체총연합회,번2-14,번2동,서울특별시 강북구 오현로25나길 70,37.62608672,127.0342126,2026-06-30
493,강북장애인단체총연합회,수유3-2,수유3동,서울특별시 강북구 수유로23길 11-1,37.63684502,127.0221541,2026-06-30
494,강북장애인단체총연합회,송중9-27,송중동,서울특별시 강북구 오패산로48길 50,37.62285303,127.032136,2026-06-30
495,강북장애인단체총연합회,수유1-5,수유1동,서울특별시 강북구 인수봉로42길 5,37.63251523,127.0139855,2026-06-30
496,강북장애인단체총연합회,수유3-61,수유3동,서울특별시 강북구 노해로 104,37.64457146,127.023798,2026-06-30
497,강북장애인단체총연합회,인수-6,인수동,서울특별시 강북구 4.19로27길 3,37.64315261,127.0038622,2026-06-30
498,강북장애인단체총연합회,수유2-8,수유2동,서울특별시 강북구 노해로19길 16,37.64273142,127.0213859,2026-06-30
499,강북장애인단체총연합회,번2-52,번2동,서울특별시 강북구 오현로31길 22,37.62968423,127.0389244,2026-06-30
500,강북장애인단체총연합회,삼양-72,삼양동,서울특별시 강북구 삼양로53길 25-14,37.62394418,127.0169646,2026-06-30
501,강북장애인단체총연합회,송중9-55,송중동,서울특별시 강북구 도봉로38길 29,37.62309284,127.0295161,2026-06-30
502,강북장애인단체총연합회,우이-52,우이동,서울특별시 강북구 삼양로139나길 2,37.64897333,127.0124537,2026-06-30
503,강북장애인단체총연합회,송중8-18,송중동,서울특별시 강북구 오패산로 156,37.61557682,127.033748,2026-06-30
504,강북장애인단체총연합회,송천5-52,송천동,서울특별시 강북구 삼양로 230-12,37.62400158,127.0195354,2026-06-30
505,강북장애인단체총연합회,수유3-1,수유3동,서울특별시 강북구 노해로7길 6,37.63794613,127.0223776,2026-06-30
506,강북장애인단체총연합회,인수-49,인수동,서울특별시 강북구 삼양로107길 45,37.64128293,127.0140624,2026-06-30
507,강북장애인단체총연합회,번1-19,번1동,서울특별시 강북구 덕릉로41길 70,37.63764041,127.0290099,2026-06-30
508,강북장애인단체총연합회,미아3-58,미아동,서울특별시 강북구 오패산로60길 15,37.62621735,127.0303592,2026-06-30
509,강북장애인단체총연합회,삼양-28,삼양동,서울특별시 강북구 솔매로22가길 29,37.62452408,127.0151897,2026-06-30
510,강북장애인단체총연합회,번2-13,번2동,서울특별시 강북구 오현로25나길 39,37.62672086,127.0357338,2026-06-30
511,강북장애인단체총연합회,번2-51,번2동,서울특별시 강북구 오현로31길 113-4,37.63248013,127.0348324,2026-06-30
512,강북장애인단체총연합회,송중9-26,송중동,서울특별시 강북구 오패산로48길 26,37.62187369,127.0324772,2026-06-30
513,강북장애인단체총연합회,수유1-4,수유1동,서울특별시 강북구 인수봉로41길 15-1,37.63225285,127.0127767,2026-06-30
514,강북장애인단체총연합회,수유3-60,수유3동,서울특별시 강북구 수유로21길 4,37.63651796,127.0218298,2026-06-30
515,강북장애인단체총연합회,인수-5,인수동,서울특별시 강북구 4.19로 103,37.64361352,127.0040261,2026-06-30
516,강북장애인단체총연합회,수유2-7,수유2동,서울특별시 강북구 한천로155길 24,37.64382004,127.0201025,2026-06-30
517,강북장애인단체총연합회,수유2-45,수유2동,서울특별시 강북구 노해로35가길 30,37.64861302,127.0211275,2026-06-30
518,강북장애인단체총연합회,삼양-71,삼양동,서울특별시 강북구 삼양로 229,37.62387477,127.0183702,2026-06-30
519,강북장애인단체총연합회,송중9-54,송중동,서울특별시 강북구 도봉로38길 57,37.62368765,127.0306299,2026-06-30
520,강북장애인단체총연합회,우이-51,우이동,서울특별시 강북구 삼양로139길 50,37.64818231,127.0116029,2026-06-30
521,강북장애인단체총연합회,송중8-17,송중동,서울특별시 강북구 월계로 57,37.61220546,127.0357738,2026-06-30
522,강북장애인단체총연합회,송천5-51,송천동,서울특별시 강북구 숭인로7길 7,37.61245571,127.0245459,2026-06-30
523,강북장애인단체총연합회,번2-50,번2동,서울특별시 강북구 오현로31길 125-5,37.63265949,127.0347282,2026-06-30
524,강북장애인단체총연합회,인수-48,인수동,서울특별시 강북구 삼각산로17길 9-5,37.64094512,127.0146107,2026-06-30
525,강북장애인단체총연합회,번1-18,번1동,서울특별시 강북구 한천로123가길 60,37.63782538,127.0273986,2026-06-30
526,강북장애인단체총연합회,미아3-57,미아동,서울특별시 강북구 오패산로60길 5-6,37.62622282,127.0299286,2026-06-30
527,강북장애인단체총연합회,삼양-27,삼양동,서울특별시 강북구 솔매로22가길 21,37.624628,127.0157661,2026-06-30
528,강북장애인단체총연합회,번2-12,번2동,서울특별시 강북구 오현로25나길 20,37.62741186,127.0364953,2026-06-30
529,강북장애인단체총연합회,수유2-44,수유2동,서울특별시 강북구 노해로35가길 24,37.64836311,127.0214141,2026-06-30
530,강북장애인단체총연합회,송중9-25,송중동,서울특별시 강북구 오패산로 174,37.61725955,127.0334771,2026-06-30
531,강북장애인단체총연합회,수유1-3,수유1동,서울특별시 강북구 화계사1나길 18,37.63273776,127.0115013,2026-06-30
532,강북장애인단체총연합회,수유3-59,수유3동,서울특별시 강북구 한천로144길 71-13,37.64402346,127.0272726,2026-06-30
533,강북장애인단체총연합회,인수-4,인수동,서울특별시 강북구 인수봉로79길 108-18,37.64302535,127.0058696,2026-06-30
534,강북장애인단체총연합회,수유2-6,수유2동,서울특별시 강북구 한천로155길 38,37.64393067,127.0193192,2026-06-30
535,강북장애인단체총연합회,번2-49,번2동,서울특별시 강북구 오현로31길 133-13,37.63260006,127.0340718,2026-06-30
536,강북장애인단체총연합회,삼양-70,삼양동,서울특별시 강북구 솔매로 31-1,37.62555691,127.0158672,2026-06-30
537,강북장애인단체총연합회,송중9-53,송중동,서울특별시 강북구 도봉로38길 45-1,37.62345805,127.0301004,2026-06-30
538,강북장애인단체총연합회,우이-50,우이동,서울특별시 강북구 삼양로139길 70,37.64791308,127.0106546,2026-06-30
539,강북장애인단체총연합회,삼양-26,삼양동,서울특별시 강북구 솔매로22길 43,37.62409409,127.0154899,2026-06-30
540,강북장애인단체총연합회,송천5-50,송천동,서울특별시 강북구 숭인로7길 11,37.61264416,127.0244528,2026-06-30
541,강북장애인단체총연합회,수유2-43,수유2동,서울특별시 강북구 노해로35가길 28,37.64851495,127.0212534,2026-06-30
542,강북장애인단체총연합회,인수-47,인수동,서울특별시 강북구 삼각산로18길 4,37.64037513,127.0154114,2026-06-30
543,강북장애인단체총연합회,번1-17,번1동,서울특별시 강북구 한천로123가길 50,37.63746001,127.0278906,2026-06-30
544,강북장애인단체총연합회,미아3-56,미아동,서울특별시 강북구 도봉로50길 29-4,37.62601261,127.02847,2026-06-30
545,강북장애인단체총연합회,인수-3,인수동,서울특별시 강북구 인수봉로79가길 52,37.64393229,127.0065714,2026-06-30
546,강북장애인단체총연합회,번2-11,번2동,서울특별시 강북구 오현로25길 16,37.62812161,127.0373471,2026-06-30
547,강북장애인단체총연합회,송중9-9,송중동,서울특별시 강북구 오패산로52마길 27,37.62457169,127.0318532,2026-06-30
548,강북장애인단체총연합회,번2-48,번2동,서울특별시 강북구 덕릉로40길 67,37.63405988,127.0329879,2026-06-30
549,강북장애인단체총연합회,송중9-24,송중동,서울특별시 강북구 오현로9길 17,37.61730626,127.0336804,2026-06-30
550,강북장애인단체총연합회,우이-21,우이동,서울특별시 강북구 삼양로163길 35,37.6588702,127.0118014,2026-06-30
551,강북장애인단체총연합회,수유1-2,수유1동,서울특별시 강북구 화계사길 25,37.63350715,127.0119217,2026-06-30
552,강북장애인단체총연합회,수유3-58,수유3동,서울특별시 강북구 도봉로101길 19,37.64321323,127.0295494,2026-06-30
553,강북장애인단체총연합회,송천5-21,송천동,서울특별시 강북구 도봉로27길 28,37.61995369,127.0268948,2026-06-30
554,강북장애인단체총연합회,송중8-15,송중동,서울특별시 강북구 월계로 99,37.61505199,127.0389992,2026-06-30
555,강북장애인단체총연합회,수유2-5,수유2동,서울특별시 강북구 한천로155길 42,37.64401842,127.0190347,2026-06-30
556,강북장애인단체총연합회,삼양-54,삼각산동,서울특별시 강북구 솔샘로48길 5-19,37.61911229,127.0188519,2026-06-30
557,강북장애인단체총연합회,수유2-42,수유2동,서울특별시 강북구 노해로35길 7,37.64684048,127.0246976,2026-06-30
558,강북장애인단체총연합회,삼양-69,삼양동,서울특별시 강북구 솔매로 29-3,37.62560832,127.0155493,2026-06-30
559,강북장애인단체총연합회,미아3-27,미아동,서울특별시 강북구 도봉로63길 15,37.62900656,127.0233103,2026-06-30
560,강북장애인단체총연합회,송중9-52,송중동,서울특별시 강북구 솔매로50가길 32,37.62353774,127.0299295,2026-06-30
561,강북장애인단체총연합회,우이-49,우이동,서울특별시 강북구 삼양로139나길 52,37.64838288,127.0097305,2026-06-30
562,강북장애인단체총연합회,번1-45,번1동,서울특별시 강북구 도봉로 394,37.64162257,127.0300573,2026-06-30
563,강북장애인단체총연합회,삼양-25,삼양동,서울특별시 강북구 솔매로22길 32,37.62450215,127.0158018,2026-06-30
564,강북장애인단체총연합회,송천5-49,송천동,서울특별시 강북구 숭인로7길 21,37.61302284,127.0244818,2026-06-30
565,강북장애인단체총연합회,인수-31,인수동,서울특별시 강북구 인수봉로55다길 6,37.63703795,127.0096203,2026-06-30
566,강북장애인단체총연합회,번2-47,번2동,서울특별시 강북구 덕릉로42길 40-14,37.63348599,127.0311259,2026-06-30
567,강북장애인단체총연합회,인수-46,인수동,서울특별시 강북구 인수봉로64길 29,37.63997961,127.0144422,2026-06-30
568,강북장애인단체총연합회,수유3-29,수유3동,서울특별시 강북구 노해로9가길 10,37.63859394,127.019004,2026-06-30
569,강북장애인단체총연합회,번1-16,번1동,서울특별시 강북구 한천로123가길 5,37.6361313,127.0295734,2026-06-30
570,강북장애인단체총연합회,미아3-55,미아동,서울특별시 강북구 솔매로50길 14,37.62581158,127.0270338,2026-06-30
571,강북장애인단체총연합회,수유1-30,수유1동,서울특별시 강북구 삼양로77가길 92,37.62821846,127.0130452,2026-06-30
572,강북장애인단체총연합회,인수-2,인수동,서울특별시 강북구 인수봉로79가길 41-2,37.64348401,127.006838,2026-06-30
573,강북장애인단체총연합회,번2-10,번2동,서울특별시 강북구 오현로25가길 5,37.62757323,127.0375014,2026-06-30
574,강북장애인단체총연합회,송중9-8,송중동,서울특별시 강북구 오패산로52나길 30,37.62519399,127.0308256,2026-06-30
575,강북장애인단체총연합회,수유2-41,수유2동,서울특별시 강북구 노해로35길 13,37.64709134,127.0245243,2026-06-30
576,강북장애인단체총연합회,송중9-23,송중동,서울특별시 강북구 오현로9길 41,37.61843969,127.0334505,2026-06-30
577,강북장애인단체총연합회,우이-20,우이동,서울특별시 강북구 삼양로163길 18,37.65879661,127.0126978,2026-06-30
578,강북장애인단체총연합회,수유1-1,수유1동,서울특별시 강북구 화계사길 37-7,37.63319429,127.0111441,2026-06-30
579,강북장애인단체총연합회,수유3-57,수유3동,서울특별시 강북구 도봉로101길 29,37.64348899,127.0291152,2026-06-30
580,강북장애인단체총연합회,송천5-20,송천동,서울특별시 강북구 도봉로31길 5,37.62089104,127.026928,2026-06-30
581,강북장애인단체총연합회,송중8-14,송중동,서울특별시 강북구 월계로21길 1,37.61370753,127.0376573,2026-06-30
582,강북장애인단체총연합회,수유2-4,수유2동,서울특별시 강북구 삼양로116길 25,37.64375457,127.0176444,2026-06-30
583,강북장애인단체총연합회,삼양-53,삼양동,서울특별시 강북구 솔샘로47가길 14,37.62070504,127.0175169,2026-06-30
584,강북장애인단체총연합회,번2-46,번2동,서울특별시 강북구 덕릉로42길 40-6,37.63357952,127.0315439,2026-06-30
585,강북장애인단체총연합회,삼양-68,삼양동,서울특별시 강북구 솔매로 34-7,37.62525238,127.0160864,2026-06-30
586,강북장애인단체총연합회,미아3-26,미아동,서울특별시 강북구 도봉로63길 4,37.62932704,127.0239292,2026-06-30
587,강북장애인단체총연합회,송중9-51,송중동,서울특별시 강북구 도봉로36길 16,37.62246143,127.0294337,2026-06-30
588,강북장애인단체총연합회,우이-48,우이동,서울특별시 강북구 삼양로139나길 38-17,37.64899817,127.0100396,2026-06-30
589,강북장애인단체총연합회,번1-44,번1동,서울특별시 강북구 도봉로 386-6,37.6410233,127.0294985,2026-06-30
590,강북장애인단체총연합회,삼양-24,삼양동,서울특별시 강북구 삼양로 257,37.62627736,127.0179875,2026-06-30
591,강북장애인단체총연합회,송천5-48,송천동,서울특별시 강북구 숭인로7길 31,37.6135528,127.0242824,2026-06-30
592,강북장애인단체총연합회,인수-30,인수동,서울특별시 강북구 삼각산로4길 52-18,37.63766101,127.0087056,2026-06-30
593,강북장애인단체총연합회,수유2-40,수유2동,서울특별시 강북구 노해로35길 31,37.64733762,127.0237959,2026-06-30
594,강북장애인단체총연합회,인수-45,인수동,서울특별시 강북구 인수봉로 227,37.63944003,127.0124098,2026-06-30
595,강북장애인단체총연합회,수유3-28,수유3동,서울특별시 강북구 삼각산로28길 67,37.63812594,127.0201545,2026-06-30
596,강북장애인단체총연합회,번1-15,번1동,서울특별시 강북구 오패산로73길 9,37.63634458,127.0270213,2026-06-30
597,강북장애인단체총연합회,미아3-54,미아동,서울특별시 강북구 도봉로50길 10,37.62539854,127.0272091,2026-06-30
598,강북장애인단체총연합회,수유1-29,수유1동,서울특별시 강북구 삼양로77길 73,37.62842051,127.0145833,2026-06-30
599,강북장애인단체총연합회,인수-1,인수동,서울특별시 강북구 인수봉로75길 46,37.64394961,127.0086334,2026-06-30
600,강북장애인단체총연합회,번2-9,번2동,서울특별시 강북구 오현로25가길 16,37.62731608,127.0369043,2026-06-30
601,강북장애인단체총연합회,송중9-7,송중동,서울특별시 강북구 오패산로 269,37.62531176,127.0298045,2026-06-30
602,강북장애인단체총연합회,번2-45,번2동,서울특별시 강북구 덕릉로40길 39,37.63393079,127.031528,2026-06-30
603,강북장애인단체총연합회,송중9-22,송중동,서울특별시 강북구 오패산로52다길 52,37.62254447,127.032967,2026-06-30
604,강북장애인단체총연합회,우이-19,우이동,서울특별시 강북구 삼양로163나길 36,37.66022482,127.0121689,2026-06-30
605,강북장애인단체총연합회,인수-73,인수동,서울특별시 강북구 인수봉로50길 6,37.63477308,127.0135365,2026-06-30
606,강북장애인단체총연합회,수유3-56,수유3동,서울특별시 강북구 도봉로101길 35,37.64368486,127.0288294,2026-06-30
607,강북장애인단체총연합회,송천5-19,송천동,서울특별시 강북구 도봉로35길 28,37.62164396,127.0253549,2026-06-30
608,강북장애인단체총연합회,송중8-13,송중동,서울특별시 강북구 월계로21나길 15,37.61488924,127.0378233,2026-06-30
609,강북장애인단체총연합회,수유2-3,수유2동,서울특별시 강북구 삼양로112길 29,37.64276543,127.0178841,2026-06-30
610,강북장애인단체총연합회,삼양-52,삼양동,서울특별시 강북구 삼양로35가길 4,37.62053532,127.019864,2026-06-30
611,강북장애인단체총연합회,수유2-39,수유2동,서울특별시 강북구 노해로35길 39,37.64745099,127.0233411,2026-06-30
612,강북장애인단체총연합회,삼양-67,삼양동,서울특별시 강북구 솔매로 12,37.62511515,127.0136753,2026-06-30
613,강북장애인단체총연합회,미아3-25,미아동,서울특별시 강북구 도봉로61길 22,37.62870371,127.0237334,2026-06-30
614,강북장애인단체총연합회,송중9-50,송중동,서울특별시 강북구 도봉로20가길 86,37.62229349,127.0287335,2026-06-30
615,강북장애인단체총연합회,우이-47,우이동,서울특별시 강북구 삼양로141길 61,37.64874611,127.0111422,2026-06-30
616,강북장애인단체총연합회,번1-43,번1동,서울특별시 강북구 도봉로96길 5-11,37.641116,127.0298146,2026-06-30
617,강북장애인단체총연합회,삼양-23,삼양동,서울특별시 강북구 삼양로59길 25,37.62612313,127.0167773,2026-06-30
618,강북장애인단체총연합회,송천5-47,송천동,서울특별시 강북구 숭인로7길 45,37.61407236,127.0239131,2026-06-30
619,강북장애인단체총연합회,인수-29,인수동,서울특별시 강북구 삼각산로4길 52-2,37.63825619,127.0087657,2026-06-30
620,강북장애인단체총연합회,번2-44,번2동,서울특별시 강북구 덕릉로40길 23-15,37.63425634,127.0316711,2026-06-30
621,강북장애인단체총연합회,인수-44,인수동,서울특별시 강북구 인수봉로 218-1,37.63904427,127.0135707,2026-06-30
622,강북장애인단체총연합회,수유3-27,수유3동,서울특별시 강북구 노해로9길 48,37.63826257,127.0192463,2026-06-30
623,강북장애인단체총연합회,번1-14,번1동,서울특별시 강북구 오패산로77가길 8,37.63653466,127.0260331,2026-06-30
624,강북장애인단체총연합회,미아3-53,미아동,서울특별시 강북구 솔매로50길 33-5,37.62505184,127.0277801,2026-06-30
625,강북장애인단체총연합회,수유1-28,수유1동,서울특별시 강북구 삼양로77가길 48-4,37.62861509,127.0152265,2026-06-30
626,강북장애인단체총연합회,우이-75,우이동,서울특별시 강북구 인수봉로 318,37.64713827,127.0106649,2026-06-30
627,강북장애인단체총연합회,번2-8,번2동,서울특별시 강북구 오현로25가길 38,37.62669596,127.0359947,2026-06-30
628,강북장애인단체총연합회,송중9-6,미아동,서울특별시 강북구 오패산로 262,37.62487522,127.0304106,2026-06-30
629,강북장애인단체총연합회,수유2-38,수유2동,서울특별시 강북구 노해로35길 57,37.64772128,127.0222497,2026-06-30
630,강북장애인단체총연합회,송중9-21,송중동,서울특별시 강북구 오패산로52다길 42,37.62299382,127.0328252,2026-06-30
631,강북장애인단체총연합회,우이-18,우이동,서울특별시 강북구 삼양로163나길 54,37.66096899,127.0117283,2026-06-30
632,강북장애인단체총연합회,인수-72,인수동,서울특별시 강북구 인수봉로 164,37.63439497,127.0135754,2026-06-30
633,강북장애인단체총연합회,수유3-55,수유3동,서울특별시 강북구 도봉로101길 39,37.64377375,127.0286809,2026-06-30
634,강북장애인단체총연합회,번1-42,번1동,서울특별시 강북구 도봉로96길 46-6,37.63939262,127.0306188,2026-06-30
635,강북장애인단체총연합회,송중8-12,송중동,서울특별시 강북구 월계로21나길 20-5,37.61520835,127.0382836,2026-06-30
636,강북장애인단체총연합회,수유2-2,수유2동,서울특별시 강북구 삼양로112길 19,37.64269982,127.017579,2026-06-30
637,강북장애인단체총연합회,삼양-51,삼양동,서울특별시 강북구 삼양로35길 4,37.62040516,127.0204661,2026-06-30
638,강북장애인단체총연합회,번2-43,번2동,서울특별시 강북구 덕릉로40길 23-31,37.6343089,127.0325882,2026-06-30
639,강북장애인단체총연합회,삼양-66,삼양동,서울특별시 강북구 솔매로 10,37.62506792,127.0134153,2026-06-30
640,강북장애인단체총연합회,미아3-24,미아동,서울특별시 강북구 도봉로61길 40-1,37.62845193,127.0227058,2026-06-30
641,강북장애인단체총연합회,송중9-49,송중동,서울특별시 강북구 도봉로20가길 79,37.62197658,127.0285451,2026-06-30
642,강북장애인단체총연합회,우이-46,우이동,서울특별시 강북구 삼양로141길 45,37.64935893,127.0111567,2026-06-30
643,강북장애인단체총연합회,수유1-27,수유1동,서울특별시 강북구 삼양로77가길 51,37.62828175,127.0152309,2026-06-30
644,강북장애인단체총연합회,삼양-22,삼양동,서울특별시 강북구 솔매로17길 11,37.62582129,127.0162375,2026-06-30
645,강북장애인단체총연합회,송천5-46,송천동,서울특별시 강북구 숭인로7나길 13,37.6139812,127.0248771,2026-06-30
646,강북장애인단체총연합회,인수-28,인수동,서울특별시 강북구 삼각산로4길 17,37.63836881,127.0071552,2026-06-30
647,강북장애인단체총연합회,수유2-37,수유2동,서울특별시 강북구 노해로35길 67,37.64804234,127.0218489,2026-06-30
648,강북장애인단체총연합회,인수-43,인수동,서울특별시 강북구 인수봉로61길 30-6,37.6383097,127.0119262,2026-06-30
649,강북장애인단체총연합회,수유3-26,수유3동,서울특별시 강북구 수유로17길 36,37.63690121,127.0191508,2026-06-30
650,강북장애인단체총연합회,번1-13,번1동,서울특별시 강북구 오패산로77길 27,37.63642244,127.025536,2026-06-30
651,강북장애인단체총연합회,미아3-52,미아동,서울특별시 강북구 도봉로46길 43,37.62528101,127.0293518,2026-06-30
652,강북장애인단체총연합회,송천5-17,송천동,서울특별시 강북구 도봉로33길 18,37.62156292,127.0264548,2026-06-30
653,강북장애인단체총연합회,우이-74,우이동,서울특별시 강북구 삼양로131길 10,37.64769616,127.0138077,2026-06-30
654,강북장애인단체총연합회,번2-7,번2동,서울특별시 강북구 오현로25가길 48,37.62645774,127.0355106,2026-06-30
655,강북장애인단체총연합회,송중9-5,송중동,서울특별시 강북구 오패산로 260,37.62430243,127.0308825,2026-06-30
656,강북장애인단체총연합회,번2-42,번2동,서울특별시 강북구 덕릉로40나길 42,37.63456535,127.0319957,2026-06-30
657,강북장애인단체총연합회,송중9-20,송중동,서울특별시 강북구 오패산로52다길 7,37.62454122,127.0325333,2026-06-30
658,강북장애인단체총연합회,우이-17,우이동,서울특별시 강북구 삼양로169길 34-28,37.66178514,127.0112755,2026-06-30
659,강북장애인단체총연합회,인수-71,인수동,서울특별시 강북구 덕릉로 45,37.63464615,127.0188519,2026-06-30
660,강북장애인단체총연합회,수유3-54,수유3동,서울특별시 강북구 도봉로101길 65,37.64449419,127.0275384,2026-06-30
661,강북장애인단체총연합회,번1-41,번1동,서울특별시 강북구 한천로130가길 13,37.63953138,127.0310589,2026-06-30
662,강북장애인단체총연합회,송중8-11,송중동,서울특별시 강북구 월계로21길 37 ,37.61509353,127.0385683,2026-06-30
663,강북장애인단체총연합회,수유2-1,수유2동,서울특별시 강북구 삼양로112길 9,37.64255997,127.0170143,2026-06-30
664,강북장애인단체총연합회,삼양-50,삼양동,서울특별시 강북구 삼양로 197,37.62143044,127.0202374,2026-06-30
665,강북장애인단체총연합회,수유2-36,수유2동,서울특별시 강북구 노해로35길 75,37.64840083,127.0216175,2026-06-30
666,강북장애인단체총연합회,삼양-65,삼양동,서울특별시 강북구 인수봉로 36,37.62318355,127.0132703,2026-06-30
667,강북장애인단체총연합회,미아3-23,미아동,서울특별시 강북구 도봉로59길 30,37.62815594,127.0228682,2026-06-30
668,강북장애인단체총연합회,송중9-48,송중동,서울특별시 강북구 오패산로 203,37.61996388,127.0325246,2026-06-30
669,강북장애인단체총연합회,우이-45,우이동,서울특별시 강북구 삼양로139가길 25-6,37.65049268,127.0120483,2026-06-30
670,강북장애인단체총연합회,수유1-26,수유1동,서울특별시 강북구 삼양로73길 21,37.63012612,127.0170646,2026-06-30
671,강북장애인단체총연합회,삼양-21,삼양동,서울특별시 강북구 솔매로17길 27,37.62630157,127.0154835,2026-06-30
672,강북장애인단체총연합회,송천5-45,송천동,서울특별시 강북구 숭인로7나길 19,37.61421787,127.0251685,2026-06-30
673,강북장애인단체총연합회,인수-27,인수동,서울특별시 강북구 삼각산로 16,37.63840824,127.0064862,2026-06-30
674,강북장애인단체총연합회,번2-41,번2동,서울특별시 강북구 덕릉로40나길 14,37.63436018,127.0311486,2026-06-30
675,강북장애인단체총연합회,인수-42,인수동,서울특별시 강북구 인수봉로61길 38-9,37.63806133,127.0113176,2026-06-30
676,강북장애인단체총연합회,수유3-25,수유3동,서울특별시 강북구 삼양로98길 11,37.63873731,127.0178237,2026-06-30
677,강북장애인단체총연합회,번1-12,번1동,서울특별시 강북구 오패산로67길 39,37.63560558,127.0259093,2026-06-30
678,강북장애인단체총연합회,미아3-51,미아동,서울특별시 강북구 솔매로54길 27,37.62570231,127.0290857,2026-06-30
679,강북장애인단체총연합회,송천5-16,송천동,서울특별시 강북구 삼양로46가길 31,37.62376621,127.0194025,2026-06-30
680,강북장애인단체총연합회,우이-73,우이동,서울특별시 강북구 삼양로123길 6-23,37.64597337,127.014669,2026-06-30
681,강북장애인단체총연합회,번2-6,번2동,서울특별시 강북구 오현로25가길 61,37.6259667,127.0349619,2026-06-30
682,강북장애인단체총연합회,송중9-4,송중동,서울특별시 강북구 오패산로52가길 7,37.62374199,127.031762,2026-06-30
683,강북장애인단체총연합회,수유2-35,수유2동,서울특별시 강북구 노해로35길 89,37.64875623,127.0210123,2026-06-30
684,강북장애인단체총연합회,송중9-19,송중동,서울특별시 강북구 오패산로52라길 7,37.62501175,127.0327765,2026-06-30
685,강북장애인단체총연합회,우이-16,우이동,서울특별시 강북구 삼양로173가길 18,37.6627424,127.0115348,2026-06-30
686,강북장애인단체총연합회,인수-70,인수동,서울특별시 강북구 도봉로81길 41,37.63495005,127.0207287,2026-06-30
687,강북장애인단체총연합회,수유3-53,수유3동,서울특별시 강북구 한천로150길 78,37.64441502,127.0266782,2026-06-30
688,강북장애인단체총연합회,번1-40,번1동,서울특별시 강북구 도봉로96가길 15-21,37.64032922,127.0305613,2026-06-30
689,강북장애인단체총연합회,송중8-10,송중동,서울특별시 강북구 월계로21다길 20,37.61560928,127.0388335,2026-06-30
690,강북장애인단체총연합회,수유1-54,수유1동,서울특별시 강북구 삼양로80나길 32,37.63246702,127.0201041,2026-06-30
691,강북장애인단체총연합회,삼양-49,삼양동,서울특별시 강북구 삼양로35가길 26,37.62138557,127.0191732,2026-06-30
692,강북장애인단체총연합회,번2-40,번2동,서울특별시 강북구 덕릉로40나길 22,37.63440021,127.0316353,2026-06-30
693,강북장애인단체총연합회,삼양-64,삼양동,서울특별시 강북구 인수봉로8길 4,37.62241823,127.013337,2026-06-30
694,강북장애인단체총연합회,미아3-22,미아동,서울특별시 강북구 솔매로45길 56,37.62846841,127.0246995,2026-06-30
695,강북장애인단체총연합회,송중9-47,송중동,서울특별시 강북구 도봉로34길 45,37.62247138,127.0306457,2026-06-30
696,강북장애인단체총연합회,우이-44,우이동,서울특별시 강북구 삼양로139가길 43-8,37.65102224,127.0118033,2026-06-30
697,강북장애인단체총연합회,수유1-25,수유1동,서울특별시 강북구 삼양로 319,37.63185077,127.0175064,2026-06-30
698,강북장애인단체총연합회,삼양-20,삼양동,서울특별시 강북구 솔매로17길 43,37.62646633,127.014711,2026-06-30
699,강북장애인단체총연합회,송천5-44,송천동,서울특별시 강북구 숭인로7나길 27,37.61438331,127.0255628,2026-06-30
700,강북장애인단체총연합회,인수-26,인수동,서울특별시 강북구 삼각산로 22,37.63873658,127.0069577,2026-06-30
701,강북장애인단체총연합회,수유2-34,수유2동,서울특별시 강북구 노해로35길 104,37.64893022,127.0202621,2026-06-30
702,강북장애인단체총연합회,인수-41,인수동,서울특별시 강북구 인수봉로 197,37.63737148,127.0128676,2026-06-30
703,강북장애인단체총연합회,수유3-24,수유3동,서울특별시 강북구 삼양로100길 10,37.63902118,127.0172875,2026-06-30
704,강북장애인단체총연합회,번1-11,번1동,서울특별시 강북구 오패산로67길 32,37.63585294,127.0264046,2026-06-30
705,강북장애인단체총연합회,미아3-50,미아동,서울특별시 강북구 도봉로50길 39,37.62598875,127.0288554,2026-06-30
706,강북장애인단체총연합회,송천5-15,송천동,서울특별시 강북구 도봉로41길 83,37.62222579,127.0227079,2026-06-30
707,강북장애인단체총연합회,우이-72,우이동,서울특별시 강북구 삼양로123길 14,37.64486683,127.0148763,2026-06-30
708,강북장애인단체총연합회,번2-5,번2동,서울특별시 강북구 오현로25가길 82,37.62560653,127.0338903,2026-06-30
709,강북장애인단체총연합회,송중9-3,송중동,서울특별시 강북구 오패산로52마길 20-9,37.62512526,127.0312343,2026-06-30
710,강북장애인단체총연합회,번2-39,번2동,서울특별시 강북구 덕릉로40다길 18,37.63415908,127.029701,2026-06-30
711,강북장애인단체총연합회,송천5-18,송천동,서울특별시 강북구 삼양로54마길 51,37.62208047,127.0247488,2026-06-30
712,강북장애인단체총연합회,우이-15,우이동,서울특별시 강북구 삼양로173나길 16,37.66335522,127.0104726,2026-06-30
713,강북장애인단체총연합회,인수-69,인수동,서울특별시 강북구 도봉로81길 16,37.63527701,127.0221293,2026-06-30
714,강북장애인단체총연합회,수유3-52,수유3동,서울특별시 강북구 도봉로101길 23,37.64331995,127.029378,2026-06-30
715,강북장애인단체총연합회,번1-39,번1동,서울특별시 강북구 도봉로96가길 21,37.64049539,127.0310464,2026-06-30
716,강북장애인단체총연합회,송중8-9,송중동,서울특별시 강북구 월계로21다길 8,37.61586724,127.0384224,2026-06-30
717,강북장애인단체총연합회,수유1-53,수유1동,서울특별시 강북구 삼양로80나길 45,37.63304437,127.0201872,2026-06-30
718,강북장애인단체총연합회,삼양-48,삼양동,서울특별시 강북구 솔샘로47나길 23,37.62139813,127.018516,2026-06-30
719,강북장애인단체총연합회,수유2-33,수유2동,서울특별시 강북구 노해로35길 113,37.6486741,127.0198008,2026-06-30
720,강북장애인단체총연합회,송중8-16,송중동,서울특별시 강북구 월계로 77,37.61341803,127.0375138,2026-06-30
721,강북장애인단체총연합회,미아3-21,미아동,서울특별시 강북구 도봉로57길 11-6,37.62754833,127.0245755,2026-06-30
722,강북장애인단체총연합회,송중9-46,송중동,서울특별시 강북구 도봉로28가길 28,37.62235073,127.0313156,2026-06-30
723,강북장애인단체총연합회,우이-43,우이동,서울특별시 강북구 삼양로139가길 43,37.651078,127.0120065,2026-06-30
724,강북장애인단체총연합회,수유1-24,수유1동,서울특별시 강북구 삼양로81길 25,37.63125394,127.016166,2026-06-30
725,강북장애인단체총연합회,삼양-19,삼양동,서울특별시 강북구 솔매로7다길 11,37.62633406,127.0139764,2026-06-30
726,강북장애인단체총연합회,송천5-43,송천동,서울특별시 강북구 숭인로7나길 27-1,37.61442873,127.0256075,2026-06-30
727,강북장애인단체총연합회,인수-25,인수동,서울특별시 강북구 삼각산로 40,37.63921137,127.0087756,2026-06-30
728,강북장애인단체총연합회,번2-38,번2동,서울특별시 강북구 오현로21길26,37.62620677,127.0356725,2026-06-30
729,강북장애인단체총연합회,미아3-49,미아동,서울특별시 강북구 솔매로 148,37.62673392,127.0285285,2026-06-30
