연번,행정동,주소,위도,경도,데이터기준일자
1,사당1동,서울특별시 동작구 사당로20길 109,37.4786804,126.9746791,2026-01-08
2,사당1동,서울특별시 동작구 사당로20바길 31,37.4790134,126.9729944,2026-01-08
3,사당1동,서울특별시 동작구 사당로22길 75,37.4801315,126.9771206,2026-01-08
4,사당1동,서울특별시 동작구 사당로22나길 36,37.4806086,126.9751306,2026-01-08
5,사당1동,서울특별시 동작구 사당로30길 43,37.4828803,126.9810091,2026-01-08
6,사당1동,서울특별시 동작구 사당로30길 79,37.4813396,126.980953,2026-01-08
7,사당1동,서울특별시 동작구 사당로30길 97,37.4805197,126.9808628,2026-01-08
8,사당1동,서울특별시 동작구 동작대로9길 26,37.4806997,126.9801504,2026-01-08
9,사당1동,서울특별시 동작구 동작대로9길 28,37.4807087,126.9799469,2026-01-08
10,사당1동,서울특별시 동작구 동작대로9길 36,37.4807267,126.9795851,2026-01-08
11,사당1동,서울특별시 동작구 동작대로11길 33,37.4811501,126.9796755,2026-01-08
12,사당1동,서울특별시 동작구 동작대로13길 12,37.4818801,126.9804214,2026-01-08
13,사당1동,서울특별시 동작구 동작대로13길 38-1,37.4819426,126.9774366,2026-01-08
14,사당1동,서울특별시 동작구 동작대로17길 7,37.4827091,126.9808056,2026-01-08
15,사당1동,서울특별시 동작구 동작대로17길 35,37.4827896,126.9778547,2026-01-08
16,사당1동,서울특별시 동작구 남부순환로 2009,37.4759947,126.9719894,2026-01-08
17,사당1동,서울특별시 동작구 남부순환로 2027,37.4856085,126.9722909,2026-01-08
18,사당1동,서울특별시 동작구 남부순환로 2053,37.4768878,126.9767712,2026-01-08
19,사당1동,서울특별시 동작구 남부순환로255길 10,37.4765982,126.9710847,2026-01-08
20,사당1동,서울특별시 동작구 남부순환로255가길 15,37.4772923,126.9722941,2026-01-08
21,사당1동,서울특별시 동작구 남부순환로255나길 9,37.477211,126.9714236,2026-01-08
22,사당1동,서울특별시 동작구 남부순환로255다길 22,37.4775624,126.9714913,2026-01-08
23,사당1동,서울특별시 동작구 남부순환로257길 30,37.4780131,126.9725199,2026-01-08
24,사당1동,서울특별시 동작구 남부순환로257가길 2,37.4773465,126.9728707,2026-01-08
25,사당1동,서울특별시 동작구 남부순환로257가길 23,37.4782119,126.9748488,2026-01-08
26,사당1동,서울특별시 동작구 남부순환로257가길 24,37.4780858,126.9750637,2026-01-08
27,사당1동,서울특별시 동작구 남부순환로258가길 17,37.4856085,126.9722909,2026-01-08
28,사당1동,서울특별시 동작구 남부순환로259길 18,37.4767426,126.9722378,2026-01-08
29,사당1동,서울특별시 동작구 남부순환로259가길 13,37.4766077,126.9731423,2026-01-08
30,사당1동,서울특별시 동작구 남부순환로261길 20,37.4774549,126.9740238,2026-01-08
31,사당1동,서울특별시 동작구 남부순환로265길 58,37.4782839,126.9745888,2026-01-08
32,사당1동,서울특별시 동작구 남부순환로265길 68,37.4787615,126.9750295,2026-01-08
33,사당1동,서울특별시 동작구 남부순환로269길 56,37.4785816,126.9762845,2026-01-08
34,사당1동,서울특별시 동작구 남부순환로269길 87,37.4791579,126.974758,2026-01-08
35,사당1동,서울특별시 동작구 남부순환로269길 102,37.4797254,126.9741247,2026-01-08
36,사당1동,서울특별시 동작구 남부순환로269길 124,37.4789954,126.9731753,2026-01-08
37,사당4동,서울특별시 동작구 동작대로15길 15,37.4821775,126.9807606,2026-01-08
38,사당4동,서울특별시 동작구 사당로14길 87,37.4805172,126.9697264,2026-01-08
39,사당4동,서울특별시 동작구 사당로14길 40-9,37.4826257,126.9704943,2026-01-08
40,사당4동,서울특별시 동작구 사당로14길 58,37.4818599,126.970359,2026-01-08
41,사당4동,서울특별시 동작구 사당로14길 61-2,37.4815175,126.9705287,2026-01-08
42,사당4동,서울특별시 동작구 사당로14가길 21,37.4842657,126.971059,2026-01-08
43,사당4동,서울특별시 동작구 사당로16길 111,37.4789408,126.9709707,2026-01-08
44,사당4동,서울특별시 동작구 사당로16길 121,37.4785082,126.9707108,2026-01-08
45,사당4동,서울특별시 동작구 사당로16다길 98,37.4846344,126.9682435,2026-01-08
46,사당4동,서울특별시 동작구 사당로16라길 17,37.4822652,126.9699179,2026-01-08
47,사당4동,서울특별시 동작구 사당로16라길 27,37.4819678,126.9696579,2026-01-08
48,사당4동,서울특별시 동작구 사당로16라길 46,37.4814,126.9689233,2026-01-08
49,사당4동,서울특별시 동작구 사당로16마길 3,37.4816441,126.9720776,2026-01-08
50,사당4동,서울특별시 동작구 사당로16마길 21,37.4817519,126.9710035,2026-01-08
51,사당4동,서울특별시 동작구 사당로16마길 29,37.4818149,126.9706643,2026-01-08
52,사당4동,서울특별시 동작구 사당로16마길 36,37.4856085,126.9722909,2026-01-08
53,사당4동,서울특별시 동작구 사당로16사길 2,37.4817429,126.9711391,2026-01-08
54,사당4동,서울특별시 동작구 사당로16사길 39,37.480193,126.9702353,2026-01-08
55,사당4동,서울특별시 동작구 사당로16아길 46,37.4806523,126.9693985,2026-01-08
56,사당4동,서울특별시 동작구 사당로16자길 31,37.4797965,126.9700772,2026-01-08
57,사당4동,서울특별시 동작구 사당로20가길 28,37.4823022,126.9739429,2026-01-08
58,사당4동,서울특별시 동작구 사당로20나길 64,37.4807523,126.9729259,2026-01-08
59,사당4동,서울특별시 동작구 사당로20나길 72,37.4804098,126.9726999,2026-01-08
60,사당4동,서울특별시 동작구 사당로20다길 3,37.4814554,126.9742597,2026-01-08
61,사당4동,서울특별시 동작구 사당로20다길 15,37.4806083,126.9736269,2026-01-08
62,사당4동,서울특별시 동작구 사당로20다길 23,37.4801397,126.9732653,2026-01-08
63,사당4동,서울특별시 동작구 사당로20바길 18-1,37.4799866,126.9737741,2026-01-08
64,사당4동,서울특별시 동작구 사당로20사길 22,37.4797612,126.9730393,2026-01-08
65,사당4동,서울특별시 동작구 사당로20사길 29,37.4792115,126.972723,2026-01-08
66,사당4동,서울특별시 동작구 사당로22나길 69,37.4805361,126.9733217,2026-01-08
67,사당4동,서울특별시 동작구 남부순환로255길 18,37.4771206,126.9704401,2026-01-08
68,사당4동,서울특별시 동작구 남부순환로255길 24,37.4773727,126.9699086,2026-01-08
69,사당4동,서울특별시 동작구 남부순환로255라길 8,37.4856085,126.9722909,2026-01-08
70,사당4동,서울특별시 동작구 남부순환로255마길 15,37.4778685,126.9708241,2026-01-08
71,사당4동,서울특별시 동작구 남부순환로255마길 2,37.4773819,126.9704965,2026-01-08
72,사당4동,서울특별시 동작구 남부순환로257길 33,37.4783464,126.9720789,2026-01-08
73,사당5동,서울특별시 동작구 사당로 158,37.487364,126.9667498,2026-01-08
74,사당5동,서울특별시 동작구 사당로 170,37.4866164,126.9676999,2026-01-08
75,사당5동,서울특별시 동작구 사당로 178,37.486076,126.9682768,2026-01-08
76,사당5동,서울특별시 동작구 사당로2길 52,37.4912285,126.9640455,2026-01-08
77,사당5동,서울특별시 동작구 사당로2길 76,37.4894179,126.9654033,2026-01-08
78,사당5동,서울특별시 동작구 사당로2가길 91,37.4898855,126.9625649,2026-01-08
79,사당5동,서울특별시 동작구 사당로2가길 133,37.4884353,126.963832,2026-01-08
80,사당5동,서울특별시 동작구 사당로2가길 139,37.4882281,126.9638887,2026-01-08
81,사당5동,서울특별시 동작구 사당로2가길 207,37.4860754,126.9663433,2026-01-08
82,사당5동,서울특별시 동작구 사당로2다길 78,37.4899216,126.9627005,2026-01-08
83,사당5동,서울특별시 동작구 사당로2라길 63,37.4902552,126.9635937,2026-01-08
84,사당5동,서울특별시 동작구 사당로2마길 57,37.4896966,126.9634017,2026-01-08
85,사당5동,서울특별시 동작구 사당로2마길 65-4,37.4893092,126.9637637,2026-01-08
86,사당5동,서울특별시 동작구 사당로2사길 8,37.4914986,126.9635591,2026-01-08
87,사당5동,서울특별시 동작구 사당로2아길 2,37.4901835,126.9645209,2026-01-08
88,사당5동,서울특별시 동작구 사당로2자길 2-15,37.4894807,126.9644873,2026-01-08
89,사당5동,서울특별시 동작구 사당로2자길 6,37.489742,126.9646794,2026-01-08
90,사당5동,서울특별시 동작구 사당로2자길 28,37.4888319,126.9643859,2026-01-08
91,사당5동,서울특별시 동작구 사당로2자길 49,37.4856085,126.9722909,2026-01-08
92,사당5동,서울특별시 동작구 사당로2차길 2,37.4877599,126.96485,2026-01-08
93,사당5동,서울특별시 동작구 사당로4길 23,37.486697,126.9657664,2026-01-08
94,사당5동,서울특별시 동작구 사당로8길 68,37.482787,126.9671024,2026-01-08
95,사당5동,서울특별시 동작구 사당로8나길 12,37.4836882,126.9678595,2026-01-08
96,사당5동,서울특별시 동작구 사당로8나길 24,37.4832646,126.9672604,2026-01-08
97,사당5동,서울특별시 동작구 사당로10길 48,37.4834903,126.9690354,2026-01-08
98,사당5동,서울특별시 동작구 사당로10길 58,37.4831388,126.9686173,2026-01-08
99,사당5동,서울특별시 동작구 사당로10길 102,37.4820571,126.9667748,2026-01-08
100,사당5동,서울특별시 동작구 사당로16가길 71,37.4842473,126.9696796,2026-01-08
101,사당5동,서울특별시 동작구 사당로16다길 62,37.4835626,126.9697929,2026-01-08
102,사당5동,서울특별시 동작구 사당로16다길 102,37.4847335,126.9682095,2026-01-08
103,사당5동,서울특별시 동작구 솔밭로 64,37.4821922,126.9668087,2026-01-08
104,사당5동,서울특별시 동작구 솔밭로 70,37.4826158,126.9669442,2026-01-08
105,사당5동,서울특별시 동작구 솔밭로 71,37.48294,126.9666387,2026-01-08
106,사당5동,서울특별시 동작구 솔밭로 80,37.4834988,126.9672716,2026-01-08
107,사당5동,서울특별시 동작구 솔밭로 88,37.4843728,126.9674069,2026-01-08
108,사당5동,서울특별시 동작구 솔밭로 97-12,37.4855892,126.9674403,2026-01-08
109,흑석동,서울특별시 동작구 흑석로 75- 4,37.5069489,126.9580208,2026-01-08
110,흑석동,서울특별시 동작구 흑석로3길 21,37.5073625,126.9557811,2026-01-08
111,흑석동,서울특별시 동작구 흑석로3길 25,37.507759,126.9560636,2026-01-08
112,흑석동,서울특별시 동작구 흑석로3길 47,37.509309,126.95673,2026-01-08
113,흑석동,서울특별시 동작구 흑석로3길 59,37.5096068,126.9579174,2026-01-08
114,흑석동,서울특별시 동작구 흑석로5길 9,37.5068223,126.9568559,2026-01-08
115,흑석동,서울특별시 동작구 흑석로5길 73,37.5091472,126.9576689,2026-01-08
116,흑석동,서울특별시 동작구 흑석로6길 31,37.5054434,126.9559293,2026-01-08
117,흑석동,서울특별시 동작구 흑석로6나길 6,37.5055067,126.9566192,2026-01-08
118,흑석동,서울특별시 동작구 흑석로7길 25,37.5078316,126.9573869,2026-01-08
119,흑석동,서울특별시 동작구 흑석로9길 18,37.5078233,126.9592417,2026-01-08
120,흑석동,서울특별시 동작구 흑석로9길 45,37.5082101,126.9576016,2026-01-08
121,흑석동,서울특별시 동작구 흑석로9길 83,37.5091646,126.9560402,2026-01-08
122,흑석동,서울특별시 동작구 흑석로10길 12,37.5068505,126.9600001,2026-01-08
123,흑석동,서울특별시 동작구 흑석로11길 39,37.5088863,126.9589245,2026-01-08
124,흑석동,서울특별시 동작구 흑석로13마길 30,37.5086071,126.95923,2026-01-08
125,흑석동,서울특별시 동작구 현충로6길 11,37.5066541,126.9657456,2026-01-08
126,신대방1동,서울특별시 동작구 신대방길 59,37.4885226,126.9094671,2026-01-08
127,신대방1동,서울특별시 동작구 신대방길 80,37.4893608,126.9098053,2026-01-08
128,신대방1동,서울특별시 동작구 신대방1길 24,37.4867393,126.9102834,2026-01-08
129,신대방1동,서울특별시 동작구 신대방1길 38,37.4865315,126.909594,2026-01-08
130,신대방1동,서울특별시 동작구 신대방1길 56,37.4862605,126.9087237,2026-01-08
131,신대방1동,서울특별시 동작구 신대방1길 72,37.4859896,126.9078534,2026-01-08
132,신대방1동,서울특별시 동작구 신대방1길 96,37.4856371,126.9065535,2026-01-08
133,신대방1동,서울특별시 동작구 신대방1길 116-1,37.485447,126.9054457,2026-01-08
134,신대방1동,서울특별시 동작구 신대방1다길 24,37.4866277,126.9059304,2026-01-08
135,신대방1동,서울특별시 동작구 신대방2길 21,37.4884173,126.9131082,2026-01-08
136,신대방1동,서울특별시 동작구 신대방2길 39,37.4887952,126.9124632,2026-01-08
137,신대방1동,서울특별시 동작구 신대방2길 61,37.4892088,126.9113094,2026-01-08
138,신대방1동,서울특별시 동작구 신대방6길 13,37.4886768,126.9107447,2026-01-08
139,신대방1동,서울특별시 동작구 신대방7길 6-1,37.4878112,126.9099655,2026-01-08
140,신대방1동,서울특별시 동작구 신대방11길 23 ,37.4885667,126.9081781,2026-01-08
141,신대방1동,서울특별시 동작구 신대방14길 15,37.4897583,126.9111052,2026-01-08
142,신대방1동,서울특별시 동작구 신대방14길 21,37.4901009,126.9113649,2026-01-08
143,신대방1동,서울특별시 동작구 신대방14가길 34,37.4899487,126.9127558,2026-01-08
144,신대방1동,서울특별시 동작구 신대방14가길 55,37.4897422,126.9136494,2026-01-08
145,신대방1동,서울특별시 동작구 신대방14가길 60,37.4895621,126.9138418,2026-01-08
146,신대방1동,서울특별시 동작구 신대방16길 20,37.490514,126.9096795,2026-01-08
147,신대방1동,서울특별시 동작구 신대방16길 41,37.4910088,126.9087404,2026-01-08
148,신대방2동,서울특별시 동작구 여의대방로22길 18,37.49755,126.920889,2026-01-08
149,신대방2동,서울특별시 동작구 여의대방로22가길 25,37.4968292,126.9208785,2026-01-08
150,신대방1동,서울특별시 동작구 여의대방로22나길 40,37.4958481,126.9223835,2026-01-08
151,신대방2동,서울특별시 동작구 여의대방로22나길 58,37.492655,126.917174,2026-01-08
152,신대방2동,서울특별시 동작구 여의대방로22나길 78,37.495155,126.9233228,2026-01-08
153,신대방2동,서울특별시 동작구 여의대방로22바길 44,37.496795,126.9236151,2026-01-08
154,신대방2동,서울특별시 동작구 여의대방로22사길 15,37.4975524,126.9245643,2026-01-08
155,신대방2동,서울특별시 동작구 여의대방로22아길 24 ,37.492655,126.917174,2026-01-08
156,신대방2동,서울특별시 동작구 여의대방로22자길 3,37.4970569,126.9245535,2026-01-08
157,신대방2동,서울특별시 동작구 여의대방로22카길 12,37.4977785,126.925808,2026-01-08
158,신대방2동,서울특별시 동작구 여의대방로22카길 47,37.4962559,126.9259113,2026-01-08
159,신대방2동,서울특별시 동작구 여의대방로22카길 57,37.4956973,126.9260475,2026-01-08
160,신대방2동,서울특별시 동작구 여의대방로22카길 60,37.495598,126.9257423,2026-01-08
161,신대방2동,서울특별시 동작구 여의대방로24길 52,37.497966,126.923139,2026-01-08
162,신대방2동,서울특별시 동작구 보라매로7길 24,37.4934631,126.9264116,2026-01-08
163,신대방2동,서울특별시 동작구 보라매로9길 5,37.4948509,126.9267834,2026-01-08
164,신대방2동,서울특별시 동작구 보라매로7가길 15,37.4940212,126.9256874,2026-01-08
165,신대방2동,서울특별시 동작구 보라매로13길 18,37.4962925,126.926782,2026-01-08
166,신대방2동,서울특별시 동작구 보라매로17길 33,37.4974994,126.9261475,2026-01-08
167,신대방2동,서울특별시 동작구 국사봉길 34,37.4977357,126.9294268,2026-01-08
168,신대방2동,서울특별시 동작구 국사봉2길 27 ,37.4974288,126.9285676,2026-01-08
169,신대방2동,서울특별시 동작구 국사봉2나길 19,37.49697,126.9296424,2026-01-08
170,신대방2동,서울특별시 동작구 국사봉2라길 3,37.4962486,126.9286818,2026-01-08
171,신대방2동,서울특별시 동작구 국사봉2바길 23,37.4948796,126.92952,2026-01-08
172,대방동,서울특별시 동작구 상도로11길 1,37.5000241,126.9292549,2026-01-08
173,대방동,서울특별시 동작구 상도로11길 4-10,37.5000245,126.929843,2026-01-08
174,대방동,서울특별시 동작구 여의대방로24길 35,37.4979474,126.9222795,2026-01-08
175,대방동,서울특별시 동작구 여의대방로24라길 7,37.4983258,126.9223583,2026-01-08
176,대방동,서울특별시 동작구 여의대방로247마길 10,37.506889,126.9280269,2026-01-08
177,대방동,서울특별시 동작구 여의대방로36길 7,37.5043177,126.9226347,2026-01-08
178,대방동,서울특별시 동작구 여의대방로36길 16 ,37.5047329,126.9237087,2026-01-08
179,대방동,서울특별시 동작구 여의대방로36길 36-1,37.5055538,126.9252686,2026-01-08
180,대방동,서울특별시 동작구 여의대방로36길 101-12,37.5090446,126.9317232,2026-01-08
181,대방동,서울특별시 동작구 여의대방로54길 31,37.5125116,126.9285869,2026-01-08
182,대방동,서울특별시 동작구 대방동길 43,37.5026624,126.9265721,2026-01-08
183,대방동,서울특별시 동작구 대방동길 67,37.5039229,126.9252024,2026-01-08
184,대방동,서울특별시 동작구 대방동길 77,37.5048416,126.9247378,2026-01-08
185,대방동,서울특별시 동작구 대방동1길 4,37.5004643,126.9271397,2026-01-08
186,대방동,서울특별시 동작구 대방동2길 28 ,37.5023032,126.9284272,2026-01-08
187,대방동,서울특별시 동작구 대방동2길 40,37.502834,126.9272844,2026-01-08
188,대방동,서울특별시 동작구 대방동2길 44 ,37.5029508,126.9267188,2026-01-08
189,대방동,서울특별시 동작구 대방동7길 27,37.5020852,126.9256792,2026-01-08
190,대방동,서울특별시 동작구 대방동7길 76,37.500688,126.9246855,2026-01-08
191,대방동,서울특별시 동작구 대방동15길 12,37.5029221,126.9240498,2026-01-08
192,대방동,서울특별시 동작구 대방동15길 20,37.5029396,126.9233147,2026-01-08
193,대방동,서울특별시 동작구 대방동15길 24,37.5029753,126.9228397,2026-01-08
194,대방동,서울특별시 동작구 대방동15나길 16,37.5035702,126.9231105,2026-01-08
195,대방동,서울특별시 동작구 대방동23길 21,37.5039312,126.9240714,2026-01-08
196,대방동,서울특별시 동작구 대방동27길 77,37.5017149,126.9242547,2026-01-08
197,대방동,서울특별시 동작구 대방동27길 110,37.500246,126.9239395,2026-01-08
198,대방동,서울특별시 동작구 등용로 51-4,37.4986898,126.9440593,2026-01-08
199,대방동,서울특별시 동작구 등용로 97,37.5099637,126.9318581,2026-01-08
200,대방동,서울특별시 동작구 알마타길 21-10,37.5114839,126.9276491,2026-01-08
201,대방동,서울특별시 동작구 알마타길 26,37.5109614,126.9278532,2026-01-08
202,노량진1동,서울특별시 동작구 만양로 110,37.513178,126.9444215,2026-01-08
203,노량진1동,서울특별시 동작구 만양로8길 11,37.5085754,126.9475579,2026-01-08
204,노량진1동,서울특별시 동작구 만양로8길 33,37.5093229,126.9469353,2026-01-08
205,노량진1동,서울특별시 동작구 만양로8길 84,37.511555,126.9418665,2026-01-08
206,노량진1동,서울특별시 동작구 만양로10길 15,37.5095389,126.9463809,2026-01-08
207,노량진1동,서울특별시 동작구 만양로12가길 1,37.5108637,126.9470925,2026-01-08
208,노량진1동,서울특별시 동작구 만양로12가길 24,37.511522,126.9483249,2026-01-08
209,노량진1동,서울특별시 동작구 만양로13길 17,37.5099256,126.9447633,2026-01-08
210,노량진1동,서울특별시 동작구 만양로14다길 23,37.5106378,126.945758,2026-01-08
211,노량진1동,서울특별시 동작구 만양로14바길 4,37.5120888,126.9466166,2026-01-08
212,노량진1동,서울특별시 동작구 만양로14바길 21-4,37.51117,126.9469226,2026-01-08
213,노량진1동,서울특별시 동작구 만양로14바길 36,37.5107463,126.9464931,2026-01-08
214,노량진1동,서울특별시 동작구 만양로14사길 9,37.5120171,126.9473066,2026-01-08
215,노량진1동,서울특별시 동작구 장승배기로 122,37.5084818,126.9403534,2026-01-08
216,노량진1동,서울특별시 동작구 장승배기로 139-2,37.5101394,126.9399335,2026-01-08
217,노량진1동,서울특별시 동작구 장승배기로 140,37.5100045,126.9403748,2026-01-08
218,노량진1동,서울특별시 동작구 장승배기로16길 135,37.5105645,126.9431114,2026-01-08
219,노량진1동,서울특별시 동작구 장승배기로20길 54,37.5096362,126.9426937,2026-01-08
220,노량진1동,서울특별시 동작구 장승배기로20다길 6-1,37.5096897,126.9415287,2026-01-08
221,노량진1동,서울특별시 동작구 장승배기로24길 16-1,37.5099866,126.9407141,2026-01-08
222,노량진1동,서울특별시 동작구 장승배기로24길 61,37.5111046,126.942127,2026-01-08
223,노량진1동,서울특별시 동작구 장승배기로24가길 42,37.511555,126.9418665,2026-01-08
224,노량진1동,서울특별시 동작구 장승배기로26길 68-3,37.5108708,126.9431451,2026-01-08
225,노량진1동,서울특별시 동작구 장승배기로28길 36,37.5121949,126.9424315,2026-01-08
226,,서울특별시 동작구 은하멘션 다동,37.5118886,126.9424996,2026-01-08
227,노량진2동,서울특별시 동작구 장승배기로27길 13,37.5117608,126.9392649,2026-01-08
228,노량진2동,서울특별시 동작구 장승배기로 110,37.5073374,126.9401281,2026-01-08
229,노량진1동,서울특별시 동작구 노량진로6길 53,37.5106689,126.9361328,2026-01-08
230,노량진2동,서울특별시 동작구 노량진로6길 63,37.5103717,126.9363253,2026-01-08
231,노량진2동,서울특별시 동작구 노량진로6다길 32,37.5092361,126.9357269,2026-01-08
232,노량진2동,서울특별시 동작구 노량진로8길 64,37.5120669,126.9387896,2026-01-08
233,노량진2동,서울특별시 동작구 노량진로8나길 84,37.5090023,126.936417,2026-01-08
234,노량진2동,서울특별시 동작구 노량진로10가길 32,37.5118041,126.9359734,2026-01-08
235,노량진2동,서울특별시 동작구 등용로4길 42,37.511555,126.9418665,2026-01-08
236,노량진2동,서울특별시 동작구 등용로4길 80,37.511555,126.9418665,2026-01-08
237,상도2동,서울특별시 동작구 장승배기로 55,37.511555,126.9418665,2026-01-08
238,상도2동,서울특별시 동작구 장승배기로3길 8,37.5008866,126.9408798,2026-01-08
239,상도2동,서울특별시 동작구 장승배기로28길 37,37.5124291,126.9422956,2026-01-08
240,상도2동,서울특별시 동작구 만양로 7-9,37.5055834,126.9461689,2026-01-08
241,상도2동,서울특별시 동작구 만양로 17-4,37.5065299,126.9470504,2026-01-08
242,상도2동,서울특별시 동작구 만양로 20-8,37.5059896,126.9477746,2026-01-08
243,상도2동,서울특별시 동작구 만양로2길 2,37.5062509,126.9477179,2026-01-08
244,상도2동,서울특별시 동작구 만양로2길 50,37.5067656,126.9502962,2026-01-08
245,상도2동,서울특별시 동작구 만양로2길 74,37.5073426,126.951178,2026-01-08
246,상도2동,서울특별시 동작구 상도로15길 97,37.5044249,126.9360025,2026-01-08
247,상도2동,서울특별시 동작구 상도로15길 131,37.5049486,126.9379473,2026-01-08
248,상도2동,서울특별시 동작구 상도로15마길 34,37.5037836,126.9330852,2026-01-08
249,상도2동,서울특별시 동작구 상도로15바길 24,37.5049469,126.9349276,2026-01-08
250,상도2동,서울특별시 동작구 상도로15바길 28,37.5053075,126.9352892,2026-01-08
251,상도2동,서울특별시 동작구 상도로15아길 15,37.5041539,126.934589,2026-01-08
252,상도2동,서울특별시 동작구 상도로15차길 19,37.5050822,126.935165,2026-01-08
253,상도2동,서울특별시 동작구 상도로15카길 23,37.5055421,126.9358771,2026-01-08
254,상도2동,서울특별시 동작구 상도로31길 63,37.5060968,126.9458067,2026-01-08
255,상도2동,서울특별시 동작구 상도로34길 15,37.5040966,126.9457516,2026-01-08
256,상도2동,서울특별시 동작구 상도로34길 39,37.4986898,126.9440593,2026-01-08
257,상도2동,서울특별시 동작구 상도로36길 8,37.5035023,126.9465663,2026-01-08
258,상도2동,서울특별시 동작구 등용로 13,37.5051462,126.9367596,2026-01-08
259,상도2동,서울특별시 동작구 등용로 24-5,37.5064791,126.9358537,2026-01-08
260,상도2동,서울특별시 동작구 등용로2길 5-8,37.511555,126.9418665,2026-01-08
261,상도2동,서울특별시 동작구 성대로37길 73,37.5016147,126.9375995,2026-01-08
262,상도2동,서울특별시 동작구 양녕로 210-5,37.4998074,126.9447935,2026-01-08
263,상도2동,서울특별시 동작구 매봉로 31-16,37.5069639,126.9506014,2026-01-08
264,상도2동,서울특별시 동작구 장승배기로10가길 45,37.5023191,126.9406298,2026-01-08
265,상도2동,서울특별시 동작구 장승배기로10가길 65,37.5020941,126.9410824,2026-01-08
266,상도3동,서울특별시 동작구 국사봉길 34,37.4977357,126.9294268,2026-01-08
267,상도3동,서울특별시 동작구 국사봉길 98,37.4956376,126.9315095,2026-01-08
268,상도3동,서울특별시 동작구 국사봉길 109,37.4954758,126.9321655,2026-01-08
269,상도3동,서울특별시 동작구 국사봉길 109-2,37.4953137,126.932177,2026-01-08
270,상도3동,서울특별시 동작구 국사봉길 125,37.4948094,126.9326863,2026-01-08
271,상도3동,서울특별시 동작구 국사봉길 160,37.4942155,126.933942,2026-01-08
272,상도3동,서울특별시 동작구 국사봉1길 165,37.4952608,126.9342803,2026-01-08
273,상도3동,서울특별시 동작구 국사봉1길 181,37.4949548,126.9349139,2026-01-08
274,상도3동,서울특별시 동작구 국사봉1길 200,37.4944415,126.9353553,2026-01-08
275,상도3동,서울특별시 동작구 국사봉1길 221-8,37.4933517,126.9361705,2026-01-08
276,상도3동,서울특별시 동작구 국사봉2길 28,37.4973746,126.9283189,2026-01-08
277,상도3동,서울특별시 동작구 국사봉6길 42,37.4955645,126.9297794,2026-01-08
278,상도3동,서울특별시 동작구 국사봉6길 56,37.4949068,126.9298705,2026-01-08
279,상도3동,서울특별시 동작구 국사봉8길 29,37.4954208,126.9305598,2026-01-08
280,상도3동,서울특별시 동작구 국사봉8길 52,37.4944478,126.9306173,2026-01-08
281,상도3동,서울특별시 동작구 국사봉8길 64-12,37.4940604,126.9306968,2026-01-08
282,상도3동,서울특별시 동작구 국사봉10길 14,37.4955202,126.9309668,2026-01-08
283,상도3동,서울특별시 동작구 국사봉10길 68,37.4933585,126.9321335,2026-01-08
284,상도3동,서울특별시 동작구 국사봉18길 10,37.4942149,126.9330148,2026-01-08
285,상도3동,서울특별시 동작구 성대로6가길 24,37.4977648,126.9328532,2026-01-08
286,상도3동,서울특별시 동작구 성대로6가길 34,37.4973684,126.9330345,2026-01-08
287,상도3동,서울특별시 동작구 성대로6가길 68,37.4986898,126.9440593,2026-01-08
288,상도3동,서울특별시 동작구 성대로6가길 149,37.4938475,126.9364753,2026-01-08
289,상도3동,서울특별시 동작구 성대로10길 19,37.4970091,126.934946,2026-01-08
290,상도3동,서울특별시 동작구 성대로10길 37,37.4965591,126.9358397,2026-01-08
291,상도3동,서울특별시 동작구 상도로13길 17,37.501322,126.9299662,2026-01-08
292,상도3동,서울특별시 동작구 상도로13길 25,37.5020877,126.9297279,2026-01-08
293,상도3동,서울특별시 동작구 상도로13길 32,37.5026644,126.9298179,2026-01-08
294,상도3동,서울특별시 동작구 상도로13길 37,37.5031327,126.9293877,2026-01-08
295,상도3동,서울특별시 동작구 상도로13나길 7,37.5004659,126.9297408,2026-01-08
296,상도3동,서울특별시 동작구 상도로13나길 15,37.5012587,126.9295138,2026-01-08
297,상도3동,서울특별시 동작구 상도로13나길 30,37.502574,126.9293543,2026-01-08
298,상도3동,서울특별시 동작구 상도로13다길 1,37.5009078,126.9303171,2026-01-08
299,상도3동,서울특별시 동작구 상도로13다길 6,37.5012325,126.930871,2026-01-08
300,상도3동,서울특별시 동작구 상도로13다길 19,37.5023405,126.9305533,2026-01-08
301,상도3동,서울특별시 동작구 상도로13라길 1,37.5013043,126.9304298,2026-01-08
302,상도3동,서울특별시 동작구 상도로13라길 13,37.5022502,126.9301462,2026-01-08
303,상도3동,서울특별시 동작구 상도로15가길 26,37.5021701,126.9318653,2026-01-08
304,상도1동,서울특별시 동작구 만양로 20-10,37.5060438,126.9479782,2026-01-08
305,상도1동,서울특별시 동작구 만양로2길 50,37.5067656,126.9502962,2026-01-08
306,상도1동,서울특별시 동작구 만양로2길 74,37.5073426,126.951178,2026-01-08
307,상도1동,서울특별시 동작구 매봉로2길 8,37.507199,126.9525579,2026-01-08
308,상도1동,서울특별시 동작구 매봉로2길 15,37.5074606,126.9533381,2026-01-08
309,상도1동,서울특별시 동작구 매봉로4길 3,37.5079195,126.9518901,2026-01-08
310,상도1동,서울특별시 동작구 매봉로4길13-1,37.5083705,126.9529077,2026-01-08
311,상도1동,서울특별시 동작구 흑석로 3,37.5049099,126.9511231,2026-01-08
312,상도1동,서울특별시 동작구 강남초등길 3,37.5069646,126.9521283,2026-01-08
313,상도1동,서울특별시 동작구 강남초등2길 19,37.5061893,126.951224,2026-01-08
314,상도1동,서울특별시 동작구 강남초등4길 14,37.5057208,126.9512582,2026-01-08
315,상도1동,서울특별시 동작구 강남초등6길 26,37.5055045,126.9509643,2026-01-08
316,상도1동,서울특별시 동작구 강남초등8길 10,37.5053065,126.9515186,2026-01-08
317,상도1동,서울특별시 동작구 상도로 265-33,37.5045305,126.9488162,2026-01-08
318,상도1동,서울특별시 동작구 상도로36길 8,37.5035023,126.9465663,2026-01-08
319,상도1동,서울특별시 동작구 상도로38길 3-42,37.5006113,126.9491469,2026-01-08
320,상도1동,서울특별시 동작구 상도로38길 22,37.5017006,126.9473366,2026-01-08
321,상도1동,서울특별시 동작구 상도로38길 42,37.5011154,126.9481174,2026-01-08
322,상도1동,서울특별시 동작구 상도로38길 52,37.5009173,126.948536,2026-01-08
323,상도1동,서울특별시 동작구 상도로38길 58,37.5007012,126.9488075,2026-01-08
324,상도1동,서울특별시 동작구 상도로38길 88,37.4986898,126.9440593,2026-01-08
325,상도1동,서울특별시 동작구 상도로38가길 1,37.5022865,126.9477547,2026-01-08
326,상도1동,서울특별시 동작구 상도로39길 47,37.5030264,126.9501065,2026-01-08
327,상도1동,서울특별시 동작구 상도로39가길 1,37.5028818,126.9492923,2026-01-08
328,상도1동,서울특별시 동작구 상도로39가길 10,37.5021611,126.9495303,2026-01-08
329,상도1동,서울특별시 동작구 상도로41가길 19,37.5038643,126.9501964,2026-01-08
330,상도1동,서울특별시 동작구 상도로41다길 13,37.5028645,126.9508417,2026-01-08
331,상도1동,서울특별시 동작구 상도로45길 64,37.5020456,126.9531946,2026-01-08
332,상도1동,서울특별시 동작구 상도로47길 32,37.5005405,126.9523134,2026-01-08
333,상도1동,서울특별시 동작구 상도로47길 108,37.5039371,126.9518701,2026-01-08
334,상도1동,서울특별시 동작구 상도로47길 124,37.504658,126.9520393,2026-01-08
335,상도1동,서울특별시 동작구 상도로47나길 30,37.500054,126.9523816,2026-01-08
336,상도1동,서울특별시 동작구 상도로47다길 1,37.5004237,126.9530034,2026-01-08
337,상도1동,서울특별시 동작구 상도로47바길 31,37.5034782,126.9534085,2026-01-08
338,상도1동,서울특별시 동작구 상도로47바길 41,37.5036405,126.9534876,2026-01-08
339,상도1동,서울특별시 동작구 상도로47사길 6,37.5030909,126.9535219,2026-01-08
340,상도1동,서울특별시 동작구 상도로50길 19,37.4978549,126.950732,2026-01-08
341,상도1동,서울특별시 동작구 상도로50길 34,37.4986898,126.9440593,2026-01-08
342,상도1동,서울특별시 동작구 상도로55길 6,37.4969642,126.953899,2026-01-08
343,상도1동,서울특별시 동작구 상도로60길 12,37.4941261,126.9540251,2026-01-08
344,상도1동,서울특별시 동작구 상도로61길 74,37.4944073,126.9590118,2026-01-08
345,상도1동,서울특별시 동작구 상도로62길 91,37.4978282,126.9516141,2026-01-08
346,상도1동,서울특별시 동작구 상도로62가길 17,37.4944953,126.953516,2026-01-08
347,상도1동,서울특별시 동작구 상도로62가길 32,37.4939095,126.9532111,2026-01-08
348,상도1동,서울특별시 동작구 상도로66길 21,37.4936036,126.9542742,2026-01-08
349,상도1동,서울특별시 동작구 상도로68길 29,37.4923518,126.9556546,2026-01-08
350,사당2동,서울특별시 동작구 동작대로25길 54,37.4850154,126.9796065,2026-01-08
351,사당2동,서울특별시 동작구 동작대로27길 57,37.4880517,126.9791307,2026-01-08
352,사당2동,서울특별시 동작구 동작대로27라길 4,37.4856085,126.9722909,2026-01-08
353,사당2동,서울특별시 동작구 동작대로29길 69,37.488439,126.9780903,2026-01-08
354,사당2동,서울특별시 동작구 동작대로33가길 27,37.4908003,126.9817532,2026-01-08
355,사당2동,서울특별시 동작구 동작대로35길 71,37.4924396,126.979005,2026-01-08
356,사당2동,서울특별시 동작구 동작대로35가길 42,37.490935,126.9794804,2026-01-08
357,사당2동,서울특별시 동작구 동작대로35가길 49,37.4911151,126.9790167,2026-01-08
358,사당2동,서울특별시 동작구 동작대로35가길 55,37.4912772,126.9787453,2026-01-08
359,사당2동,서울특별시 동작구 동작대로35가길 95,37.4923131,126.9771845,2026-01-08
360,사당2동,서울특별시 동작구 동작대로35아길 17,37.4932504,126.9787334,2026-01-08
361,사당2동,서울특별시 동작구 동작대로39가길 31,37.4942237,126.9794342,2026-01-08
362,사당3동,서울특별시 동작구 사당로9길 17,37.4864011,126.9712503,2026-01-08
363,사당3동,서울특별시 동작구 사당로9가길 37,37.4865987,126.9687401,2026-01-08
364,사당3동,서울특별시 동작구 사당로9나길 1,37.4857882,126.9704139,2026-01-08
365,사당3동,서울특별시 동작구 사당로9나길 7,37.4860225,126.970199,2026-01-08
366,사당3동,서울특별시 동작구 사당로9다길 26,37.4868693,126.9699612,2026-01-08
367,사당3동,서울특별시 동작구 사당로9다길 30-6,37.4870766,126.9700628,2026-01-08
368,사당3동,서울특별시 동작구 사당로17길 65,37.4858519,126.9725621,2026-01-08
369,사당3동,서울특별시 동작구 사당로17길 95,37.4866805,126.971499,2026-01-08
370,사당3동,서울특별시 동작구 사당로23길 185,37.4903654,126.9706834,2026-01-08
371,사당3동,서울특별시 동작구 사당로23길 208,37.4912753,126.9703212,2026-01-08
372,사당3동,서울특별시 동작구 사당로23바길 24,37.4903022,126.9700276,2026-01-08
373,사당3동,서울특별시 동작구 사당로23사길 38,37.4912119,126.9689643,2026-01-08
374,사당3동,서울특별시 동작구 사당로27길 190,37.4909423,126.9715651,2026-01-08
375,사당3동,서울특별시 동작구 사당로27길 221,37.4915457,126.9704341,2026-01-08
376,사당3동,서울특별시 동작구 사당로27길 235,37.4920501,126.9699477,2026-01-08
377,사당3동,서울특별시 동작구 사당로29길 26,37.4855468,126.9783174,2026-01-08
378,사당3동,서울특별시 동작구 사당로29나길 7,37.485709,126.9787018,2026-01-08
379,사당3동,서울특별시 동작구 사당로29다길 83,37.4876366,126.9759423,2026-01-08
380,상도4동,서울특별시 동작구 성대로 96,37.4976223,126.9358388,2026-01-08
381,상도4동,서울특별시 동작구 성대로1가길 4,37.5015681,126.9347384,2026-01-08
382,상도4동,서울특별시 동작구 성대로10길 97-4,37.4945783,126.9383405,2026-01-08
383,상도4동,서울특별시 동작구 성대로11길 46,37.4994686,126.9344349,2026-01-08
384,상도4동,서울특별시 동작구 성대로12길 5,37.4973878,126.9354206,2026-01-08
385,상도4동,서울특별시 동작구 성대로12길 30,37.4965053,126.9362243,2026-01-08
386,상도4동,서울특별시 동작구 성대로16길 79,37.4954168,126.9393915,2026-01-08
387,상도4동,서울특별시 동작구 성대로17길 49,37.4995679,126.9347741,2026-01-08
388,상도4동,서울특별시 동작구 성대로17길 83,37.5003604,126.9341627,2026-01-08
389,상도4동,서울특별시 동작구 성대로21길 2,37.4986898,126.9440593,2026-01-08
390,상도4동,서울특별시 동작구 성대로21나길 6,37.5005868,126.9362773,2026-01-08
391,상도4동,서울특별시 동작구 성대로25길 23,37.4995518,126.9383477,2026-01-08
392,상도4동,서울특별시 동작구 성대로27길 15,37.4992547,126.9388342,2026-01-08
393,상도4동,서울특별시 동작구 성대로29길 45,37.5002004,126.9380983,2026-01-08
394,상도4동,서울특별시 동작구 성대로29길 52,37.5005968,126.9380641,2026-01-08
395,상도4동,서울특별시 동작구 양녕로 183-1,37.4976351,126.9429971,2026-01-08
396,상도4동,서울특별시 동작구 양녕로20길 42,37.4944009,126.9438364,2026-01-08
397,상도4동,서울특별시 동작구 양녕로20길 52,37.4946532,126.9439832,2026-01-08
398,상도4동,서울특별시 동작구 양녕로20길 64,37.4951669,126.9442655,2026-01-08
399,상도4동,서울특별시 동작구 양녕로20길 79,37.496014,126.9444232,2026-01-08
400,상도4동,서울특별시 동작구 양녕로22길 1,37.4946257,126.9429994,2026-01-08
401,상도4동,서울특별시 동작구 양녕로22길 74,37.4952306,126.9454528,2026-01-08
402,상도4동,서울특별시 동작구 양녕로22라길 62,37.4980332,126.9464685,2026-01-08
403,상도4동,서울특별시 동작구 양녕로22마길 23,37.4961319,126.9462098,2026-01-08
404,상도4동,서울특별시 동작구 양녕로23길 67,37.4962458,126.9395378,2026-01-08
405,상도4동,서울특별시 동작구 양녕로23길 101,37.4955421,126.9377743,2026-01-08
406,상도4동,서울특별시 동작구 양녕로23길 115,37.4951994,126.9372318,2026-01-08
407,상도4동,서울특별시 동작구 양녕로25길 43,37.497202,126.9417535,2026-01-08
408,상도4동,서울특별시 동작구 양녕로25길 60-15,37.4972104,126.9406792,2026-01-08
409,상도4동,서울특별시 동작구 양녕로25길 71,37.4961744,126.9408723,2026-01-08
410,상도4동,서울특별시 동작구 양녕로25나길 2,37.4981666,126.9428723,2026-01-08
411,상도4동,서울특별시 동작구 양녕로26나길 8,37.4973475,126.9445353,2026-01-08
412,상도4동,서울특별시 동작구 양녕로27길 41,37.499103,126.9415258,2026-01-08
413,상도4동,서울특별시 동작구 양녕로27길 45,37.4991209,126.9413222,2026-01-08
414,상도4동,서울특별시 동작구 양녕로28길 46,37.498042,126.9460953,2026-01-08
415,상도4동,서울특별시 동작구 양녕로30길 12,37.4990777,126.9450315,2026-01-08
416,상도4동,서울특별시 동작구 양녕로30길 29,37.4986363,126.945292,2026-01-08
