연번,관리단체,행정동,설치장소(도로명),위도,경도
1,(사)열린장애인협회,북아현동,북아현로 83,37.56404203,126.9535771
2,(사)열린장애인협회,북아현동,북아현로12길 26,37.56260425,126.9569957
3,(사)열린장애인협회,북아현동,북아현로12길 20,37.56256361,126.9567284
4,(사)열린장애인협회,북아현동,북아현로18길 59,37.5634672,126.9571645
5,(사)열린장애인협회,북아현동,북아현로18길 36,37.5637583,126.9559236
6,(사)열린장애인협회,충현동,충정로5길 16,37.56280406,126.9633165
7,(사)열린장애인협회,북아현동,북아현로20길 82,37.56389979,126.9577424
8,(사)열린장애인협회,북아현동,북아현로14길 69,37.56431824,126.9585817
9,(사)열린장애인협회,충현동,경기대로9길 92,37.56451034,126.9591056
10,(사)열린장애인협회,북아현동,북아현로14가길 43,37.56400858,126.9586143
11,(사)열린장애인협회,북아현동,북아현로 48,37.56176253,126.9559956
12,(사)열린장애인협회,북아현동,북아현로16길 18-2,37.56324489,126.9560865
13,(사)열린장애인협회,북아현동,북아현로18길 39,37.56392202,126.956187
14,(사)열린장애인협회,북아현동,북아현로 68-9,37.56358941,126.9553307
15,(사)열린장애인협회,북아현동,북아현로14길 40,37.56318085,126.9576326
16,(사)열린장애인협회,북아현동,북아현로14길 55,37.56388469,126.9578464
17,(사)열린장애인협회,북아현동,북아현로18길 63-14,37.56382755,126.9575446
18,(사)열린장애인협회,북아현동,북아현로20길 69,37.56420854,126.95716
19,(사)열린장애인협회,북아현동,북아현로20길 45,37.56443719,126.955889
20,(사)열린장애인협회,북아현동,북아현로20길 37-5,37.5646756,126.9551983
21,(사)열린장애인협회,북아현동,북아현로 80-8,37.56425068,126.9542233
22,(사)열린장애인협회,충현동,경기대로 23,37.56154261,126.9617063
23,(사)열린장애인협회,충현동,경기대로 15,37.5608245,126.9616588
24,(사)열린장애인협회,충현동,경기대로 10,37.56030014,126.9620169
25,(사)열린장애인협회,충현동,경기대로 66,37.56461398,126.9641956
26,(사)열린장애인협회,충현동,경기대로 88,37.56658126,126.9646226
27,(사)열린장애인협회,충현동,경기대로9길 18,37.56480343,126.9629068
28,(사)열린장애인협회,충현동,경기대로3길 6,37.5622671,126.9614375
29,(사)열린장애인협회,충현동,경기대로3길 23,37.56200421,126.9606772
30,(사)열린장애인협회,충현동,경기대로5길 36,37.56309339,126.9605857
31,(사)열린장애인협회,충현동,경기대로9길 19,37.56460418,126.9627828
32,(사)열린장애인협회,충현동,경기대로5길 31,37.5631822,126.9596887
33,(사)열린장애인협회,충현동,경기대로9길 47,37.56392206,126.9614509
34,(사)열린장애인협회,충현동,독립문로8길 136-1,37.5654842,126.9598347
35,(사)열린장애인협회,북아현동,북아현로22나길 96,37.56520668,126.957973
36,(사)열린장애인협회,북아현동,북아현로22나길 52,37.56561824,126.9554843
37,(사)열린장애인협회,북아현동,북아현로 126,37.56628573,126.9512308
38,(사)열린장애인협회,북아현동,북아현로22나길 6,37.56617863,126.9530639
39,(사)열린장애인협회,북아현동,북아현로26길 42,37.5667996,126.9519638
40,(사)열린장애인협회,북아현동,북아현로11가길 38,37.56347015,126.9539953
41,(사)열린장애인협회,북아현동,북아현로22길 53,37.56498752,126.9556458
42,(사)열린장애인협회,충현동,경기대로7길 48,37.563961,126.9596386
43,(사)열린장애인협회,충현동,경기대로7길 34,37.56373911,126.9602459
44,(사)열린장애인협회,충현동,경기대로7길 34-10,37.56407678,126.960434
45,(사)열린장애인협회,북아현동,북아현로11가길 18,37.5628812,126.9547815
46,(사)열린장애인협회,북아현동,북아현로25길 23,37.5639637,126.95214
47,(사)열린장애인협회,북아현동,북아현로19길 20-6,37.56401621,126.9525479
48,(사)열린장애인협회,북아현동,북아현로23길 20-6,,
49,(사)열린장애인협회,북아현동,북아현로 99,37.56493691,126.9522535
50,(사)열린장애인협회,북아현동,북아현로 98,37.56523849,126.9525231
51,(사)열린장애인협회,북아현동,북아현로22다길 6,37.56545624,126.9533748
52,(사)열린장애인협회,북아현동,북아현로22나길 62,37.56545074,126.9559508
53,(사)열린장애인협회,북아현동,북아현로22나길 67,37.56571019,126.9563141
54,(사)열린장애인협회,북아현동,북아현로22나길 77,37.56562756,126.957045
55,(사)열린장애인협회,충현동,경기대로 33,37.56250884,126.9617313
56,(사)열린장애인협회,북아현동,북아현로22나길 99-46,37.56570018,126.9585528
57,(사)열린장애인협회,북아현동,북아현로22나길 113,37.56485277,126.958751
58,(사)열린장애인협회,북아현동,북아현로22나길 117,37.56472062,126.9588265
59,(사)열린장애인협회,북아현동,북아현로22길 109,37.5644414,126.9588039
60,(사)열린장애인협회,북아현동,북아현로22길 87,37.56467583,126.9575167
61,(사)열린장애인협회,북아현동,북아현로22길 76,37.56452692,126.9568484
62,(사)열린장애인협회,북아현동,북아현로22길 34,37.56484579,126.9544635
63,(사)열린장애인협회,북아현동,북아현로22길 18,37.56499077,126.9535624
64,(사)열린장애인협회,충현동,경기대로 13,37.56061847,126.9617403
65,(사)열린장애인협회,천연동,독립문로 62,37.56755034,126.9636476
66,(사)열린장애인협회,천연동,독립문로 67,37.56724172,126.9641401
67,(사)열린장애인협회,천연동,독립문로 41,,
68,(사)열린장애인협회,천연동,독립문로 41,,
69,(사)열린장애인협회,천연동,독립문로 35,37.56923414,126.9619993
70,(사)열린장애인협회,천연동,독립문로 27,37.56960522,126.9613126
71,(사)열린장애인협회,천연동,독립문로 12,37.57035745,126.959651
72,(사)열린장애인협회,천연동,독립문로 14,37.57028825,126.9599189
73,(사)열린장애인협회,천연동,독립문로 22-4,37.56992582,126.960579
74,(사)열린장애인협회,천연동,독립문로8길 30,37.56865916,126.9599033
75,(사)열린장애인협회,천연동,독립문로8길 54,37.56879093,126.9584744
76,(사)열린장애인협회,천연동,독립문로8길 33,37.56825401,126.959727
77,(사)열린장애인협회,천연동,독립문로10길 19,37.56807987,126.960862
78,(사)열린장애인협회,천연동,독립문로14길 46,37.56693751,126.9617404
79,(사)열린장애인협회,천연동,독립문로8길 12,37.56887901,126.9607252
80,(사)열린장애인협회,천연동,독립문로10길 24,37.56831529,126.9605734
81,(사)열린장애인협회,북아현동,경기대로 21-13,37.56073197,126.9614078
82,(사)열린장애인협회,북아현동,북아현로6길 25-11,37.56099161,126.9573911
83,(사)열린장애인협회,북아현동,신촌로27길 43,37.55742535,126.9489228
84,(사)열린장애인협회,북아현동,북아현로32-6,37.56030142,126.9568151
85,(사)열린장애인협회,북아현동,북아현로22마길 21-8,37.56564709,126.9552857
86,(사)열린장애인협회,북아현동,북아현로6길 37-5,37.56034401,126.9574822
87,(사)열린장애인협회,북아현동,북아현로6길 65-21,37.5611185,126.9579817
88,(사)열린장애인협회,북아현동,북아현로 22나길 2,37.56620199,126.9529082
89,(사)열린장애인협회,북아현동,북아현로4아길 34,37.56165414,126.9589821
90,(사)열린장애인협회,북아현동,북아현로4아길 20,37.56107238,126.9592969
91,(사)열린장애인협회,북아현동,북아현로4길 68,37.56038884,126.9599566
92,(사)열린장애인협회,북아현동,북아현로4라길 11,37.55858957,126.958452
93,(사)열린장애인협회,북아현동,신촌로29길 14,37.55764477,126.9522117
94,(사)열린장애인협회,북아현동,신촌로33길 6,,
95,(사)열린장애인협회,북아현동,북아현로 14,37.55871316,126.9566272
96,(사)열린장애인협회,북아현동,북아현로4길 8,37.55916212,126.9570871
97,(사)열린장애인협회,북아현동,북아현로2안길 12,37.55801557,126.9567767
98,(사)열린장애인협회,북아현동,북아현로4라길 15,37.55850024,126.9583289
99,(사)열린장애인협회,북아현동,신촌로37길 39-16,37.55864554,126.9590046
100,(사)열린장애인협회,북아현동,북아현로4가길 17-22,37.55915261,126.9587361
101,(사)열린장애인협회,북아현동,북아현로4가길 10,37.55907894,126.958309
102,(사)열린장애인협회,북아현동,북아현로4길 23-5,37.55961282,126.9576651
103,(사)열린장애인협회,북아현동,북아현로4길 29,37.55983649,126.9580155
104,(사)열린장애인협회,북아현동,북아현로4길 41-2,37.56004764,126.9586778
105,(사)열린장애인협회,북아현동,북아현로4마길 28-57,37.55976948,126.9607133
106,(사)열린장애인협회,북아현동,북아현로4마길 42-7,37.56046557,126.9606509
107,(사)열린장애인협회,북아현동,북아현로4아길 8,37.56053246,126.9594272
108,(사)열린장애인협회,북아현동,북아현로4자길 16,37.56121352,126.9596688
109,(사)열린장애인협회,북아현동,북아현로4자길 27,37.56165581,126.9591285
110,(사)열린장애인협회,북아현동,북아현로6길 78,37.56151203,126.9586763
111,(사)열린장애인협회,북아현동,북아현로6길 87,37.56119486,126.9583517
112,(사)열린장애인협회,북아현동,북아현로6길 65-12,37.56077139,126.9583644
113,(사)열린장애인협회,북아현동,북아현로6길 67,37.56038834,126.958495
114,(사)열린장애인협회,북아현동,북아현로6길 51,37.56009416,126.9577372
115,(사)열린장애인협회,북아현동,북아현로6길 19-13,37.56121477,126.9573556
116,(사)열린장애인협회,북아현동,북아현로4가길 35-10,37.55870628,126.9598466
117,(사)열린장애인협회,북아현동,북아현로 37,37.56065962,126.9557391
118,서울시재활용의류협동조합,신촌동,성산로24길 1-20,37.56768111,126.9480637
119,서울시재활용의류협동조합,신촌동,성산로 573-58,37.56820555,126.9475897
120,서울시재활용의류협동조합,신촌동,성산로 573-74,37.56749915,126.9471417
121,서울시재활용의류협동조합,신촌동,봉원사길 13,37.56723318,126.9463551
122,서울시재활용의류협동조합,신촌동,봉원사길 31,37.56798609,126.946044
123,서울시재활용의류협동조합,신촌동,봉원사길 47,37.56876939,126.9458003
124,서울시재활용의류협동조합,신촌동,연대동문길 147,37.56843953,126.9453828
125,서울시재활용의류협동조합,신촌동,연대동문1길 73,37.56997204,126.9438593
126,서울시재활용의류협동조합,신촌동,연대동문1길 31,37.568438,126.945016
127,서울시재활용의류협동조합,신촌동,연대동문길 130,37.56770716,126.9458945
128,서울시재활용의류협동조합,신촌동,연대동문길 130,37.56770716,126.9458945
129,서울시재활용의류협동조합,신촌동,연대동문길 105,37.56661682,126.9459975
130,서울시재활용의류협동조합,신촌동,성산로 565,37.56641804,126.9463411
131,서울시재활용의류협동조합,신촌동,연대동문길 26,37.56358512,126.9438075
132,서울시재활용의류협동조합,신촌동,이화여대길 88,37.55921019,126.943505
133,서울시재활용의류협동조합,신촌동,이화여대길 88,37.55921019,126.943505
134,서울시재활용의류협동조합,신촌동,이화여대5길 35,37.55813101,126.9437627
135,서울시재활용의류협동조합,신촌동,이화여대5길 35,37.55813101,126.9437627
136,서울시재활용의류협동조합,신촌동,이화여대5길 35,37.55813101,126.9437627
137,서울시재활용의류협동조합,신촌동,이화여대5길 35,37.55813101,126.9437627
138,서울시재활용의류협동조합,신촌동,이화여대5길 35,37.55813101,126.9437627
139,서울시재활용의류협동조합,신촌동,신촌로 157-6,37.55705091,126.9436135
140,서울시재활용의류협동조합,신촌동,신촌로 157-6,37.55705091,126.9436135
141,서울시재활용의류협동조합,신촌동,이화여대1안길 22,37.55770589,126.943894
142,서울시재활용의류협동조합,신촌동,이화여대3길 28,37.55811152,126.9440965
143,서울시재활용의류협동조합,신촌동,이화여대3길 6,37.55810919,126.9454547
144,서울시재활용의류협동조합,신촌동,이화여대3길 6,37.55810919,126.9454547
145,서울시재활용의류협동조합,신촌동,이화여대2나길 5,37.5576271,126.9465159
146,서울시재활용의류협동조합,신촌동,명물길 27-13,37.55876809,126.9379747
147,서울시재활용의류협동조합,신촌동,연세로2다길 39,37.55729244,126.9402528
148,서울시재활용의류협동조합,신촌동,연세로2다길 78,37.55800839,126.9417297
149,서울시재활용의류협동조합,신촌동,연세로2라길 51,37.55813179,126.9412993
150,서울시재활용의류협동조합,신촌동,연세로2나길 69,37.55836914,126.9404591
151,서울시재활용의류협동조합,신촌동,연세로4길 42-7,37.55780926,126.9392086
152,서울시재활용의류협동조합,신촌동,연세로2나길 32,37.55729386,126.9388134
153,서울시재활용의류협동조합,신촌동,연세로2다길 24,37.55689472,126.9395041
154,서울시재활용의류협동조합,신촌동,연세로2길 55,37.55677305,126.9397915
155,서울시재활용의류협동조합,신촌동,연세로2길 75,37.55708951,126.9409186
156,서울시재활용의류협동조합,신촌동,성산로 404-1,37.56121477,126.9324491
157,서울시재활용의류협동조합,신촌동,성산로22길 4,37.56039285,126.9333309
158,서울시재활용의류협동조합,신촌동,성산로22길 24-12,37.55999517,126.9335374
159,서울시재활용의류협동조합,신촌동,성산로22길 36,37.55928469,126.9342625
160,서울시재활용의류협동조합,신촌동,성산로 408-4,37.56078081,126.9326779
161,서울시재활용의류협동조합,신촌동,신촌로3가길 21,37.55821708,126.9301549
162,서울시재활용의류협동조합,신촌동,신촌로3나길 7-36,37.55921801,126.9303137
163,서울시재활용의류협동조합,신촌동,신촌로7길 12,37.55773627,126.9314712
164,서울시재활용의류협동조합,신촌동,신촌로9길 9-6,37.55770503,126.9319692
165,서울시재활용의류협동조합,신촌동,연희로2길 37,37.56017266,126.928287
166,서울시재활용의류협동조합,신촌동,연희로2길 13,37.56090621,126.9276247
167,서울시재활용의류협동조합,신촌동,연희로2안길 7-8,37.56041806,126.9274917
168,서울시재활용의류협동조합,신촌동,연희로2안길 7-22,37.55972833,126.9274781
169,서울시재활용의류협동조합,신촌동,연희로2길 62,37.55917689,126.9278573
170,서울시재활용의류협동조합,신촌동,연희로2길 55,37.55929994,126.9282658
171,서울시재활용의류협동조합,신촌동,신촌로7길 50-3,37.55918892,126.9328307
172,서울시재활용의류협동조합,신촌동,신촌로1길 108,37.56078272,126.930845
173,서울시재활용의류협동조합,신촌동,성산로20길 24,37.56121116,126.9316437
174,서울시재활용의류협동조합,연희동,연희로 38,37.5620731,126.9276484
175,서울시재활용의류협동조합,연희동,연희로6길 19,37.56291325,126.9292358
176,서울시재활용의류협동조합,연희동,연희로5길 98,37.56615452,126.9239206
177,서울시재활용의류협동조합,연희동,연희로5길 52,37.56533055,126.9263171
178,서울시재활용의류협동조합,연희동,연희로5길 16-13,37.56463165,126.9282165
179,서울시재활용의류협동조합,연희동,연희로24길 9-2,37.57151437,126.93559
180,서울시재활용의류협동조합,연희동,연희로25나길 21,,
181,서울시재활용의류협동조합,연희동,연희로11가길 3,37.56787764,126.9295188
182,서울시재활용의류협동조합,연희동,연희로22길 34-6,37.56944241,126.9350398
183,서울시재활용의류협동조합,연희동,연희로20길 17,37.56963366,126.934488
184,서울시재활용의류협동조합,연희동,연희로16길 26-1,37.56785536,126.9333503
185,서울시재활용의류협동조합,연희동,연희로18길 40,37.56788478,126.9339235
186,서울시재활용의류협동조합,연희동,연희로18길 35-4,37.56821156,126.934224
187,서울시재활용의류협동조합,연희동,연희로14길 43,37.56744224,126.9336513
188,서울시재활용의류협동조합,연희동,연희로14길 43,37.56744224,126.9336513
189,서울시재활용의류협동조합,연희동,연희로12길 13,37.56697395,126.9318298
190,서울시재활용의류협동조합,연희동,연희로12길 13,37.56697395,126.9318298
191,서울시재활용의류협동조합,연희동,연희로12길 10-10,37.56632164,126.9315379
192,서울시재활용의류협동조합,연희동,연희로12길 10-10,37.56632164,126.9315379
193,서울시재활용의류협동조합,연희동,연희로8길 34,37.56521552,126.9317615
194,서울시재활용의류협동조합,연희동,연희로 193-7,37.57419641,126.9350156
195,서울시재활용의류협동조합,연희동,연희로29길 41,37.57434595,126.9335217
196,서울시재활용의류협동조합,연희동,연희로29길 5,37.57474307,126.9350756
197,서울시재활용의류협동조합,연희동,연희로35길 13-10,37.57831612,126.9348704
198,서울시재활용의류협동조합,연희동,홍제천로 174-8,37.57795899,126.9328089
199,서울시재활용의류협동조합,연희동,가좌로 16-30,37.57703551,126.9339973
200,서울시재활용의류협동조합,연희동,홍연6길 54,37.57692282,126.9329215
201,서울시재활용의류협동조합,연희동,홍연길 101,37.5772699,126.9318465
202,서울시재활용의류협동조합,연희동,홍제천로 149,37.5774365,126.9305504
203,서울시재활용의류협동조합,연희동,홍연길 16,37.57494277,126.927984
204,서울시재활용의류협동조합,연희동,증가로2길 74,37.57381227,126.928094
205,서울시재활용의류협동조합,연희동,증가로2길 52,37.57303219,126.9289889
206,서울시재활용의류협동조합,연희동,증가로 71,37.57391309,126.927503
207,서울시재활용의류협동조합,연희동,홍제천로2길 110,37.572025,126.9237092
208,서울시재활용의류협동조합,연희동,성산로7안길 51,37.5672418,126.9220494
209,서울시재활용의류협동조합,연희동,성산로7안길 25,37.56753909,126.920649
210,서울시재활용의류협동조합,연희동,성산로7안길 3,37.5678591,126.9194167
211,다원무역,남가좌1동,모래내로 179,37.57168302,126.9203525
212,다원무역,남가좌2동,명지대2안길 47,37.58381038,126.923873
213,다원무역,남가좌2동,증가로12가길 77,37.58084894,126.9180084
214,다원무역,남가좌2동,증가로 150,37.57805476,126.9210192
215,다원무역,남가좌2동,증가로12나길 42,37.58081554,126.9208127
216,다원무역,남가좌2동,명지대3길 30-3,37.58216875,126.9219145
217,다원무역,남가좌2동,명지대3길 47-9,37.58142691,126.9214203
218,다원무역,남가좌2동,명지대1나길 29-1,37.5806479,126.9216107
219,다원무역,남가좌2동,명지대1나길 5,37.58106744,126.9228254
220,다원무역,남가좌2동,명지대3길 27,37.58191122,126.9221485
221,다원무역,남가좌2동,명지대3길 27,37.58191122,126.9221485
222,다원무역,남가좌2동,명지대5길 34-14,37.5833344,126.9214195
223,다원무역,남가좌2동,명지대5길 34-14,37.5833344,126.9214195
224,다원무역,남가좌2동,명지대5길 7,37.58284383,126.9229478
225,다원무역,남가좌2동,명지대3길 24-10,37.58250846,126.9223686
226,다원무역,남가좌2동,명지대5길 10-8,37.5831553,126.9229512
227,다원무역,남가좌2동,명지대5길 10-8,37.5831553,126.9229512
228,다원무역,남가좌2동,증가로8길 29,37.5783932,126.9250688
229,다원무역,남가좌2동,증가로6길 18-55,37.57716334,126.9260622
230,다원무역,남가좌2동,증가로10길 21,37.57847721,126.9234373
231,다원무역,남가좌2동,가재울로12길 29,37.57685758,126.9220507
232,다원무역,남가좌2동,가재울로12길 36,37.57698977,126.9223582
233,다원무역,남가좌2동,가재울로14길 74,,
234,다원무역,남가좌2동,가재울로 75-5,37.57603377,126.9205222
235,다원무역,남가좌2동,가재울로 38,37.57491037,126.9219522
236,다원무역,남가좌2동,가재울로 38,37.57491037,126.9219522
237,다원무역,남가좌2동,가재울로6길 53-39,37.57630197,126.9233493
238,다원무역,남가좌2동,가재울로12길 24,37.5766045,126.9219302
239,다원무역,남가좌2동,가재울로8길 39-11,37.57642925,126.9227444
240,다원무역,남가좌2동,명지대1길 6,37.58129702,126.924513
241,다원무역,남가좌2동,가재울로2안길 29-8,37.57514545,126.9240451
242,다원무역,남가좌2동,가재울로 16,37.57399614,126.9225077
243,다원무역,남가좌2동,증가로 191,37.57849412,126.9173896
244,다원무역,북가좌1동,거북골로21길 18,37.57866101,126.9071166
245,다원무역,북가좌1동,거북골로21길 18,37.57866101,126.9071166
246,다원무역,북가좌1동,거북골로21길 18,37.57866101,126.9071166
247,다원무역,북가좌1동,거북골로21길 60,37.57750497,126.9052143
248,다원무역,북가좌1동,거북골로21길 60,37.57750497,126.9052143
249,다원무역,북가좌1동,수색로8길 70-8,37.57765605,126.9064424
250,다원무역,북가좌1동,수색로8길 70-8,37.57765605,126.9064424
251,다원무역,북가좌1동,수색로8길 67,37.57705719,126.9062558
252,다원무역,북가좌1동,수색로8길 46,37.57652944,126.9073492
253,다원무역,북가좌1동,수색로8길 22,37.57556411,126.9064238
254,다원무역,북가좌1동,수색로8가길 24,37.57662206,126.9055297
255,다원무역,북가좌1동,거북골로21길 32-23,37.5778048,126.9057585
256,다원무역,북가좌1동,거북골로21길 22-6,37.57863576,126.9068627
257,다원무역,북가좌1동,거북골로21길 22-6,37.57863576,126.9068627
258,다원무역,북가좌1동,거북골로21길 22-6,37.57863576,126.9068627
259,다원무역,북가좌1동,수색로 100-55,37.57436849,126.9101369
260,다원무역,북가좌1동,거북골로23길 39,37.57818375,126.9057427
261,다원무역,북가좌1동,거북골로23길 52,37.57782742,126.9050837
262,다원무역,북가좌1동,불광천길 14,37.57716358,126.9039887
263,다원무역,북가좌1동,불광천길 46,37.5782472,126.9050916
264,다원무역,북가좌1동,거북골로23길 20-4,37.57924413,126.906087
265,다원무역,북가좌2동,증가로28안길 40,37.58357282,126.9149435
266,다원무역,북가좌2동,증가로28안길 16-7,37.58258327,126.9145805
267,다원무역,북가좌2동,증가로24나길 34,37.58226596,126.9157379
268,다원무역,북가좌2동,증가로24나길 24-11,37.58217839,126.916125
269,다원무역,북가좌2동,증가로24다길 40,37.58275681,126.9158483
270,다원무역,북가좌2동,증가로24라길 34,37.58250281,126.9186602
271,다원무역,북가좌2동,증가로24라길 34,37.58250281,126.9186602
272,다원무역,북가좌2동,증가로20가길 91,37.58243549,126.9192963
273,다원무역,북가좌2동,증가로12나길 96,37.5828634,126.9202661
274,다원무역,북가좌2동,증가로20가길 73-3,37.58209462,126.9203183
275,다원무역,북가좌2동,증가로20길 68-27,37.58196717,126.9197117
276,다원무역,북가좌2동,증가로24나길 6-11,37.58183805,126.9163324
277,다원무역,북가좌2동,증가로20길 7-2,37.58066772,126.9162927
278,다원무역,북가좌2동,증가로24가길 7,37.58144149,126.9167942
279,다원무역,북가좌2동,증가로20길 50,37.58129837,126.9184184
280,다원무역,북가좌2동,증가로20길 50,37.58129837,126.9184184
281,다원무역,북가좌2동,증가로20나길 12,37.58158746,126.9194124
282,다원무역,북가좌2동,증가로20가길 41,37.58118438,126.9201063
283,다원무역,북가좌2동,증가로20가길 45,37.58134433,126.920278
284,다원무역,북가좌2동,증가로20가길 45,37.58134433,126.920278
285,다원무역,북가좌2동,증가로28길 22,37.58259478,126.9149222
286,다원무역,북가좌2동,거북골로14길 79,37.57853391,126.9134378
287,다원무역,북가좌2동,거북골로14길 79,37.57853391,126.9134378
288,다원무역,북가좌2동,거북골로14길 87,37.57871038,126.9130296
289,다원무역,북가좌2동,거북골로18길 33,37.57886164,126.9111879
290,다원무역,북가좌2동,거북골로18길 33,37.57886164,126.9111879
291,다원무역,북가좌2동,거북골로18나길 9,37.57833813,126.9113871
292,다원무역,북가좌2동,거북골로16길 33,37.57749416,126.9129422
293,다원무역,북가좌2동,거북골로18나길 28,37.57814505,126.9123508
294,다원무역,북가좌2동,증가로23다길 44,37.57836195,126.9141058
295,다원무역,북가좌2동,증가로21길 37-25,37.57887158,126.914401
296,다원무역,북가좌2동,증가로21길 20-7,37.58038228,126.9142739
297,다원무역,북가좌2동,증가로23길 38,37.58021552,126.9130697
298,다원무역,북가좌2동,증가로23길 38,37.58021552,126.9130697
299,다원무역,북가좌2동,증가로29길 30-15,37.58184834,126.9109429
300,다원무역,북가좌2동,증가로32길 45,37.58540351,126.9130375
301,다원무역,북가좌2동,불광천길 256,37.58546304,126.9127647
302,다원무역,북가좌2동,불광천길 216,37.58416361,126.9112899
303,다원무역,북가좌2동,거북골로22길 70,37.58147102,126.9103631
304,다원무역,북가좌2동,거북골로22길 57,37.58117757,126.9099003
305,다원무역,북가좌2동,거북골로22길 59-11,37.58139493,126.9094773
306,다원무역,북가좌2동,거북골로24길 21,37.58044727,126.9078535
307,다원무역,북가좌2동,거북골로22길 9-26,37.57980677,126.9079969
308,다원무역,북가좌2동,거북골로22길 29-10,37.58040726,126.908779
309,다원무역,북가좌2동,불광천길 142,37.58158263,126.9085703
310,지케이협동조합,홍제1동,홍제내길 120,37.5875696,126.9363713
311,지케이협동조합,홍제1동,홍제내2가길 46,37.58702066,126.9364329
312,지케이협동조합,홍제1동,홍제내2길 66-10,37.58746309,126.937019
313,지케이협동조합,홍제1동,홍제내4길 18,37.58755526,126.9373502
314,지케이협동조합,홍제1동,홍제내길 152,37.58862437,126.9375035
315,지케이협동조합,홍제1동,홍제내길 48,37.58462711,126.9363209
316,지케이협동조합,홍제1동,홍제내길 12,37.58321731,126.937117
317,지케이협동조합,홍제1동,홍제내길 34,37.58407459,126.9365916
318,지케이협동조합,홍제1동,송죽길 8,37.58418631,126.9400222
319,지케이협동조합,홍제1동,송죽길 16,37.58425351,126.9396437
320,지케이협동조합,홍제1동,홍제내2다길 29,37.58462572,126.9382734
321,지케이협동조합,홍제1동,홍제내2마길 11-7,37.58499882,126.9370698
322,지케이협동조합,홍제1동,홍제내2마길 6,37.58474706,126.9366996
323,지케이협동조합,홍제1동,홍제내2길 28,37.58561249,126.937082
324,지케이협동조합,홍제1동,홍제내2길 33,37.58594799,126.937207
325,지케이협동조합,홍제1동,홍제내2길 64,37.58711734,126.9369357
326,지케이협동조합,홍제1동,홍제내길 232,37.5906805,126.9413243
327,지케이협동조합,홍제1동,통일로39길 22-46,37.58967613,126.9416071
328,지케이협동조합,홍제1동,통일로39길 38-8,37.58775931,126.9424325
329,지케이협동조합,홍제1동,통일로39길 68,37.58733665,126.9413215
330,지케이협동조합,홍제1동,통일로39길 80-8,37.58723264,126.9407089
331,지케이협동조합,홍제1동,통일로39길 89,37.58645159,126.9405726
332,지케이협동조합,홍제1동,통일로39길 102,37.58605906,126.9406402
333,지케이협동조합,홍제1동,통일로39길 109,37.58594397,126.9411043
334,지케이협동조합,홍제1동,통일로39길 113-16,37.58599751,126.9404433
335,지케이협동조합,홍제1동,통일로39길 59-7,37.5867777,126.9413829
336,지케이협동조합,홍제1동,통일로37나길 39,37.58655742,126.9425092
337,지케이협동조합,홍제1동,통일로39길 23-3,,
338,지케이협동조합,홍제1동,통일로37나길 59,37.58609214,126.9417407
339,지케이협동조합,홍제1동,통일로37가길 27,37.58651392,126.9446198
340,지케이협동조합,홍제1동,통일로37나길 12,37.58750014,126.9430744
341,지케이협동조합,홍제1동,통일로35길 46,37.58700149,126.9454861
342,지케이협동조합,홍제1동,통일로35길 14-4,37.58654918,126.9458498
343,지케이협동조합,홍제1동,통일로35길 29,37.58627948,126.94518
344,지케이협동조합,홍제1동,통일로37길 50,37.58606246,126.943909
345,지케이협동조합,홍제1동,모래내로24길 1,37.58427785,126.9438694
346,지케이협동조합,홍제1동,모래내로24나길 22,37.58317594,126.9448418
347,지케이협동조합,홍제1동,모래내로24나길 14,37.58303441,126.9444943
348,지케이협동조합,홍제1동,모래내로24길 47,37.58230594,126.9433128
349,지케이협동조합,홍제1동,모래내로 426,37.58401931,126.9426492
350,지케이협동조합,홍제1동,모래내로 460,37.5854156,126.9459466
351,지케이협동조합,홍제2동,통일로34길 24,37.58571933,126.9494099
352,지케이협동조합,홍제2동,홍제원길 51,37.58782891,126.9483671
353,지케이협동조합,홍제2동,홍제원길 45,37.58743486,126.9486701
354,지케이협동조합,홍제2동,홍제원6안길 26,37.5870898,126.9491262
355,지케이협동조합,홍제2동,홍제원6안길 16,37.58682785,126.9486382
356,지케이협동조합,홍제2동,홍제원길 22,37.58687244,126.9480082
357,지케이협동조합,홍제2동,홍제원길 25-6,37.58730152,126.9480714
358,지케이협동조합,홍제2동,홍제원길 15-17,37.5873852,126.9472167
359,지케이협동조합,홍제2동,홍제원6길 48,37.58628862,126.9493037
360,지케이협동조합,홍제2동,홍제원6길 36,37.58610363,126.949058
361,지케이협동조합,홍제2동,홍제원6길 23,37.58685261,126.9488143
362,지케이협동조합,홍제2동,통일로36길 46,37.5882671,126.9482532
363,지케이협동조합,홍제3동,간호대로1길 47,37.59447426,126.9479362
364,지케이협동조합,홍제3동,간호대로 48,37.59751564,126.9469056
365,지케이협동조합,홍제3동,통일로40길 37,37.59084366,126.9445898
366,지케이협동조합,홍제3동,통일로40길 27,37.59055511,126.9441598
367,지케이협동조합,홍제3동,세무서3길 25,37.59003631,126.9445188
368,지케이협동조합,홍제3동,세검정로 52-1,37.59238574,126.9470754
369,지케이협동조합,홍제3동,세무서7길 12-6,37.59163101,126.9465405
370,지케이협동조합,홍제3동,세무서10길 23,37.59134139,126.948483
371,지케이협동조합,홍제3동,세무서8길 21,37.59062171,126.9479321
372,지케이협동조합,홍제3동,세무서길 106-39,37.59242107,126.9479206
373,지케이협동조합,홍제3동,세검정로4가길 14,37.5943415,126.9501394
374,지케이협동조합,홍제3동,세검정로4다길 14,37.59395287,126.950702
375,지케이협동조합,홍제3동,세검정로4길 51,37.59335943,126.9505914
376,지케이협동조합,홍제3동,세검정로4길 91,37.59183077,126.9520209
377,지케이협동조합,홍제3동,세검정로4길 109,37.59129648,126.9526987
378,지케이협동조합,홍제3동,세검정로4길 134,37.59039744,126.953307
379,지케이협동조합,홍제3동,세검정로4길 24,37.59413318,126.9494694
380,지케이협동조합,홍제3동,세검정로4가길 13-10,37.59475952,126.9500315
381,지케이협동조합,홍은1동,통일로48나길 10,37.59611199,126.9406731
382,지케이협동조합,홍은1동,통일로48가길 15,37.59559504,126.9411092
383,지케이협동조합,홍은1동,통일로48길 21,37.59603829,126.9412282
384,지케이협동조합,홍은1동,통일로48가길 15,37.59559504,126.9411092
385,지케이협동조합,홍은1동,통일로48가길 40,37.59430448,126.9420532
386,지케이협동조합,홍은1동,세검정로1길 71,37.59374908,126.945206
387,지케이협동조합,홍은1동,홍은중앙로3길 8,37.59794582,126.9462138
388,지케이협동조합,홍은1동,홍은중앙로9길 18,37.6000768,126.9483498
389,지케이협동조합,홍은1동,홍은중앙로9길 51,37.60148504,126.9483241
390,지케이협동조합,홍은1동,홍은중앙로9나길 55-27,37.60283028,126.9474475
391,지케이협동조합,홍은1동,홍은중앙로9나길 50,37.60172358,126.9470091
392,지케이협동조합,홍은1동,홍은중앙로 155-1,37.6041629,126.9494159
393,지케이협동조합,홍은1동,홍은중앙로 172,37.60540578,126.9499798
394,지케이협동조합,홍은1동,홍은중앙로 161,37.60459546,126.9496327
395,지케이협동조합,홍은1동,홍은중앙로 128,37.60171506,126.9493551
396,지케이협동조합,홍은1동,홍은중앙로 124-1,37.60152839,126.9496032
397,지케이협동조합,홍은1동,포방터길 157,37.6033795,126.9500829
398,지케이협동조합,홍은1동,포방터길 137,37.60289972,126.9496445
399,지케이협동조합,홍은1동,포방터길 101,37.60120936,126.9496314
400,지케이협동조합,홍은1동,포방터2가길 5,37.59907571,126.9496035
401,지케이협동조합,홍은1동,포방터2다길 12,37.59877466,126.9508189
402,지케이협동조합,홍은1동,포방터2길 77-2,37.59610445,126.9513849
403,지케이협동조합,홍은1동,포방터2길 95,37.59614087,126.9520853
404,지케이협동조합,홍은1동,포방터2길 71,37.59640392,126.9511164
405,지케이협동조합,홍은1동,포방터2길 58,37.59688691,126.9508328
406,지케이협동조합,홍은2동,연희로41가길 17,37.59032128,126.9344739
407,지케이협동조합,홍은2동,연희로41가길 11-29,37.59014219,126.9345248
408,지케이협동조합,홍은2동,연희로41길 69-12,37.59151163,126.9344103
409,지케이협동조합,홍은2동,연희로41라길 29,37.59447807,126.9332969
410,지케이협동조합,홍은2동,연희로41라길 5,37.59541832,126.9337395
411,지케이협동조합,홍은2동,연희로41나길 1,37.59185721,126.9335288
412,지케이협동조합,홍은2동,연희로41나길 1,37.59185721,126.9335288
413,지케이협동조합,홍은2동,연희로41나길 5-9,37.59203937,126.9333391
414,지케이협동조합,홍은2동,연희로41가길 72,37.59250512,126.9332278
415,지케이협동조합,홍은2동,연희로41가길 87,37.59326544,126.9331753
416,지케이협동조합,홍은2동,연희로41나길 32,37.59295566,126.9339344
417,지케이협동조합,홍은2동,연희로41길 30,37.59007621,126.9354761
418,지케이협동조합,홍은2동,연희로41길 102,37.59310798,126.9346842
419,지케이협동조합,홍은2동,연희로41길 135,37.59462881,126.9341083
420,지케이협동조합,홍은2동,연희로41다길 19,,
421,지케이협동조합,홍은2동,연희로41길 28,37.58993879,126.9355845
422,지케이협동조합,홍은2동,연희로39길 13,37.58666814,126.9338701
423,지케이협동조합,홍은2동,연희로39길 28,37.58731099,126.9340194
424,지케이협동조합,홍은2동,연희로39길 48-1,37.5873211,126.9329352
425,지케이협동조합,홍은2동,연희로39길 56,37.58729574,126.9325485
426,지케이협동조합,홍은2동,연희로39길 64,37.58675255,126.9324248
427,지케이협동조합,홍은2동,연희로39길 141,37.58764619,126.9304623
428,지케이협동조합,홍은2동,연희로39길 98,37.5861574,126.9315674
429,지케이협동조합,홍은2동,연희로39길 98,37.5861574,126.9315674
430,지케이협동조합,홍은2동,연희로39가길 26,37.58755372,126.9324305
431,지케이협동조합,홍은2동,연희로39길 54-19,37.58766942,126.9326088
432,지케이협동조합,홍은2동,연희로39길 47-38,37.58622617,126.9327081
433,지케이협동조합,홍은2동,연희로39길 39,37.5871713,126.9334685
434,지케이협동조합,홍은2동,연희로37길 7,37.58228709,126.9357271
435,지케이협동조합,홍은2동,연희로37길 71,37.5850392,126.9346199
436,지케이협동조합,홍은2동,연희로37길 97,37.58614338,126.9344798
437,지케이협동조합,홍은2동,연희로37길 83-5,37.58577386,126.9342769
438,지케이협동조합,홍은2동,연희로37길 77-23,37.586062,126.9334802
439,지케이협동조합,홍은2동,연희로37길 51,37.58429965,126.9349235
440,지케이협동조합,홍은2동,연희로37안길 14-3,37.58452663,126.9344676
441,지케이협동조합,홍은2동,연희로37안길 19-18,37.58312863,126.9349205
442,지케이협동조합,홍은2동,연희로37안길 19-22,37.58334184,126.9351507
443,지케이협동조합,홍은2동,모래내로17길 79-2,37.58230975,126.9353143
444,지케이협동조합,홍은2동,모래내로17길 64,37.581661,126.9347523
445,지케이협동조합,홍은2동,모래내로17길 50,37.58119054,126.934172
446,지케이협동조합,홍은2동,모래내로17길 42,37.58095368,126.9338675
447,지케이협동조합,홍은2동,모래내로17안길 20,37.58201737,126.9333526
448,지케이협동조합,홍은2동,백련사길 26,37.58103485,126.9328915
449,지케이협동조합,홍은2동,모래내로17길 21,37.58047668,126.9327378
450,지케이협동조합,홍은2동,백련사길 36,37.58120982,126.9324169
451,지케이협동조합,홍은2동,백련사길 180,37.58597979,126.927295
452,지케이협동조합,홍은2동,가좌로2길 60,37.58554532,126.9267071
453,지케이협동조합,홍은2동,가좌로2길 11-2,37.58545158,126.9242209
454,지케이협동조합,홍은2동,가좌로2길 26-10,37.58550016,126.9247988
455,지케이협동조합,홍은2동,가좌로2길 26-11,37.58546968,126.9250408
456,지케이협동조합,홍은2동,가좌로2길 31,37.58550814,126.9251771
457,지케이협동조합,홍은2동,가좌로2안길 37-2,37.58503613,126.9264924
458,지케이협동조합,홍은2동,가좌로2안길 29,37.58465849,126.9261435
459,지케이협동조합,홍은2동,명지2길 21,37.58300126,126.9273967
460,지케이협동조합,홍은2동,명지길 114,37.58251459,126.9271782
461,지케이협동조합,홍은2동,명지길 137,37.5833159,126.9261115
462,지케이협동조합,홍은2동,가좌로 104-7,37.58232919,126.9267818
463,지케이협동조합,홍은2동,명지길 101,37.58202819,126.9272676
464,지케이협동조합,홍은2동,명지길 89,37.5815687,126.9277276
465,지케이협동조합,홍은2동,명지길 33,37.57954848,126.9296456
466,지케이협동조합,홍은2동,명지길 19,37.5790902,126.930194
467,지케이협동조합,홍은2동,명지길 6-8,37.5789491,126.9307977
468,지케이협동조합,홍은2동,모래내로 342-12,37.58021596,126.9350256
469,지케이협동조합,홍은2동,연희로 261-60,37.57922913,126.9329802
470,지케이협동조합,홍은2동,백련사길 28-15,37.58138564,126.9334321
471,지케이협동조합,홍은2동,연희로41길 28,37.58993879,126.9355845
472,지케이협동조합,홍은2동,연희로37길 51,37.58429965,126.9349235
