행정동,도로명주소,지번주소,위도,경도,데이터기준일자
목1동,서울특별시 양천구 목동동로 206-1,서울특별시 양천구 목동 405-207,37.5146676,126.8585807,2025-06-30
목1동,서울특별시 양천구 목동동로 208-12,서울특별시 양천구 목동 405-520,37.5146676,126.8585807,2025-06-30
목1동,서울특별시 양천구 오목로56길 10,서울특별시 양천구 목동 405-472,37.5236861,126.873874,2025-06-30
목1동,서울특별시 양천구 오목로56길 16,서울특별시 양천구 목동 405-12,37.5236861,126.873874,2025-06-30
목1동,서울특별시 양천구 오목로56길 14,서울특별시 양천구 목동 405-30,37.5236861,126.873874,2025-06-30
목1동,서울특별시 양천구 오목로 321-5,서울특별시 양천구 목동 406-290,37.5251151,126.8720178,2025-06-30
목2동,서울특별시 양천구 목동중앙북로12길 13,서울특별시 양천구 목동 506-14,37.5460509,126.8710328,2025-06-30
목2동,서울특별시 양천구 목동중앙북로10길 20,서울특별시 양천구 목동 500-13,37.5463379,126.869248,2025-06-30
목2동,서울특별시 양천구 목동중앙북로10길 30,서울특별시 양천구 목동 500-3,37.5458699,126.8690283,2025-06-30
목2동,서울특별시 양천구 목동중앙본로31길 28,서울특별시 양천구 목동 505-9,37.5459209,126.8696784,2025-06-30
목2동,서울특별시 양천구 목동중앙본로31길 29,서울특별시 양천구 목동 499-18,37.5457042,126.870111,2025-06-30
목2동,서울특별시 양천구 목동중앙북로10길 51,서울특별시 양천구 목동 499-28,37.5458699,126.8690283,2025-06-30
목2동,서울특별시 양천구 목동중앙본로29길 31,서울특별시 양천구 목동 548-1,37.5446957,126.8688864,2025-06-30
목2동,서울특별시 양천구 목동중앙본로29길 20-13,서울특별시 양천구 목동 499-4,37.5452033,126.8697192,2025-06-30
목2동,서울특별시 양천구 목동중앙본로31길 20,서울특별시 양천구 목동 505-6,37.5457939,126.8701322,2025-06-30
목2동,서울특별시 양천구 목동중앙본로32길 2,서울특별시 양천구 목동 531,37.5452911,126.8724596,2025-06-30
목2동,서울특별시 양천구 목동중앙본로30가길 32,서울특별시 양천구 목동 529-3,37.5454742,126.8718808,2025-06-30
목2동,서울특별시 양천구 목동중앙본로30길 64,서울특별시 양천구 목동 528-21,37.544457,126.8725496,2025-06-30
목2동,서울특별시 양천구 목동중앙본로30길 46,서울특별시 양천구 목동 534-19,37.5446529,126.8727426,2025-06-30
목2동,서울특별시 양천구 목동중앙본로30길 38,서울특별시 양천구 목동 534-44,37.5443549,126.8726028,2025-06-30
목2동,서울특별시 양천구 목동중앙본로28길 25-10,서울특별시 양천구 목동 545-47,37.54334,126.8721912,2025-06-30
목2동,서울특별시 양천구 목동중앙본로28길 25,서울특별시 양천구 목동 546-24,37.5435305,126.8718863,2025-06-30
목2동,서울특별시 양천구 목동중앙본로29길 9-1,서울특별시 양천구 목동 547-17,37.5442396,126.8700316,2025-06-30
목2동,서울특별시 양천구 목동중앙본로27길 15,서울특별시 양천구 목동 554,37.5440408,126.8695313,2025-06-30
목2동,서울특별시 양천구 목동중앙본로27길 35,서울특별시 양천구 목동 553-28,37.5442965,126.8685254,2025-06-30
목2동,서울특별시 양천구 목동중앙북로8길 132,서울특별시 양천구 목동 553-15,37.5444498,126.8679037,2025-06-30
목2동,서울특별시 양천구목동중앙북로8길 130,서울특별시 양천구 목동 553-14,37.5444596,126.8678092,2025-06-30
목2동,서울특별시 양천구 목동중앙북로8길 122,서울특별시 양천구 목동 553,37.5444454,126.8674281,2025-06-30
목2동,서울특별시 양천구 목동중앙북로8길 120-15,서울특별시 양천구 목동 29-44,37.5438969,126.8672776,2025-06-30
목2동,서울특별시 양천구 목동중앙북로8길 129-48,서울특별시 양천구 목동 500-9,37.5465063,126.8688999,2025-06-30
목2동,서울특별시 양천구 목동중앙북로8길 129-42,서울특별시 양천구 목동 500-7,37.5461449,126.8687268,2025-06-30
목2동,서울특별시 양천구 목동중앙북로8길 129-26,서울특별시 양천구 목동 500-5,37.5456889,126.8685188,2025-06-30
목2동,서울특별시 양천구 목동중앙북로10길 40,서울특별시 양천구 목동 500-4,37.5458699,126.8690283,2025-06-30
목2동,서울특별시 양천구 목동중앙본로28길 35,서울특별시 양천구 목동 545-22,37.5433838,126.872363,2025-06-30
목2동,서울특별시 양천구 목동중앙본로28길 46,서울특별시 양천구 목동 557-14,37.5430578,126.8727944,2025-06-30
목2동,서울특별시 양천구 목동중앙북로14길 65,서울특별시 양천구 목동 544-12,37.5447073,126.8733335,2025-06-30
목2동,서울특별시 양천구 목동중앙북로14길 52,서울특별시 양천구 목동 545-35,37.5440276,126.8729665,2025-06-30
목2동,서울특별시 양천구 목동중앙본로28길 37-8,서울특별시 양천구 목동 545-29,37.5435906,126.8727927,2025-06-30
목2동,서울특별시 양천구 목동중앙본로28길 57,서울특별시 양천구 목동 544-17,37.54334,126.8721912,2025-06-30
목2동,서울특별시 양천구 목동중앙북로16길 84,서울특별시 양천구 목동 557-43,37.5427502,126.8737254,2025-06-30
목2동,서울특별시 양천구 목동중앙북로16길 92,서울특별시 양천구 목동 557-27,37.5427701,126.8732366,2025-06-30
목2동,서울특별시 양천구 목동중앙북로16길 94,서울특별시 양천구 목동 557-26,37.5427614,126.8731196,2025-06-30
목2동,서울특별시 양천구 목동중앙북로16길 101,서울특별시 양천구 목동 558-8,37.5425953,126.8726395,2025-06-30
목2동,서울특별시 양천구 목동중앙북로16길 120,서울특별시 양천구 목동 555-20,37.5430436,126.8717728,2025-06-30
목2동,서울특별시 양천구 목동중앙본로18길 27,서울특별시 양천구 목동 231-289,37.5414312,126.8706712,2025-06-30
목2동,서울특별시 양천구 목동중앙본로26길 14,서울특별시 양천구 목동 42-35,37.5427405,126.8708788,2025-06-30
목2동,서울특별시 양천구 목동중앙본로24길 25,서울특별시 양천구 목동 42-38,37.542333,126.8708645,2025-06-30
목2동,서울특별시 양천구 목동중앙본로24길 33-3,서울특별시 양천구 목동 42-55,37.5423569,126.8712924,2025-06-30
목2동,서울특별시 양천구 목동중앙본로26길 42,서울특별시 양천구 목동 41-50,37.5421243,126.8720457,2025-06-30
목2동,서울특별시 양천구 목동중앙북로14길 39,서울특별시 양천구 목동 535-27,37.5447073,126.8733335,2025-06-30
목2동,서울특별시 양천구 목동중앙북로16길 45,서울특별시 양천구 목동 536-8,37.5441868,126.8741289,2025-06-30
목2동,서울특별시 양천구 목동중앙북로16가길 19,서울특별시 양천구 목동 537-18,37.5443894,126.8747992,2025-06-30
목2동,서울특별시 양천구 목동중앙북로24길 77,서울특별시 양천구 목동 539-9,37.5438147,126.8757186,2025-06-30
목2동,서울특별시 양천구 목동중앙북로16가길 47,서울특별시 양천구 목동 539-6,37.5436952,126.876128,2025-06-30
목2동,서울특별시 양천구 목동중앙북로 102-6,서울특별시 양천구 목동 526-4,37.5459074,126.8743766,2025-06-30
목2동,서울특별시 양천구 목동중앙북로18길 12-1,서울특별시 양천구 목동 525-4,37.5457729,126.8748243,2025-06-30
목2동,서울특별시 양천구 목동중앙북로24길 64,서울특별시 양천구 목동 538-18,37.5458221,126.8778817,2025-06-30
목2동,서울특별시 양천구 목동중앙북로20길 26,서울특별시 양천구 목동 524-16,37.5451137,126.8755704,2025-06-30
목2동,서울특별시 양천구 목동중앙북로20길 17,서울특별시 양천구 목동 523-50,37.5454275,126.8759452,2025-06-30
목2동,서울특별시 양천구 목동중앙북로22길 14-6,서울특별시 양천구 목동 523-46,37.5457082,126.8767364,2025-06-30
목2동,서울특별시 양천구 목동중앙북로22길 11,서울특별시 양천구 목동 521-16,37.5458936,126.8768385,2025-06-30
목2동,서울특별시 양천구 목동중앙북로 112,서울특별시 양천구 목동 524-1,37.5461335,126.8755486,2025-06-30
목2동,서울특별시 양천구 목동중앙북로22길 11-14,서울특별시 양천구 목동 522-4,37.5457914,126.8774393,2025-06-30
목2동,서울특별시 양천구 목동중앙북로24길 36,서울특별시 양천구 목동 522-22,37.5453801,126.8771362,2025-06-30
목2동,서울특별시 양천구 목동중앙북로24길 22,서울특별시 양천구 목동 522-5,37.5461301,126.8791301,2025-06-30
목2동,서울특별시 양천구 목동중앙북로24길 11-21,서울특별시 양천구 목동 520-7,37.5460812,126.8792656,2025-06-30
목2동,서울특별시 양천구 목동중앙로13길 45,서울특별시 양천구 목동 124-9,37.5459822,126.8810952,2025-06-30
목2동,서울특별시 양천구 목동중앙로13길 45-11,서울특별시 양천구 목동 124-12,37.5458313,126.880645,2025-06-30
목2동,서울특별시 양천구 목동중앙로13나길 20-5,서울특별시 양천구 목동 130-6,37.5455344,126.8800958,2025-06-30
목2동,서울특별시 양천구 목동중앙로13나길 20-23,서울특별시 양천구 목동 128-44,37.545057,126.8804158,2025-06-30
목2동,서울특별시 양천구 목동중앙로13나길 58,서울특별시 양천구 목동 131-66,37.544213,126.8803706,2025-06-30
목2동,서울특별시 양천구 목동중앙로13나길 73,서울특별시 양천구 목동 131-56,37.5440761,126.8797553,2025-06-30
목2동,서울특별시 양천구 목동중앙로13다길 34,서울특별시 양천구 목동 131-46,37.543839,126.8812679,2025-06-30
목2동,서울특별시 양천구 목동중앙로13다길 42-5,서울특별시 양천구 목동 131-133,37.5434393,126.8808531,2025-06-30
목2동,서울특별시 양천구 목동중앙로13다길 36-8,서울특별시 양천구 목동 131-47,37.5439226,126.88107,2025-06-30
목2동,서울특별시 양천구 목동중앙로13다길 26-9,서울특별시 양천구 목동 131-44,37.5441598,126.8810124,2025-06-30
목2동,서울특별시 양천구 목동중앙로13다길 26-8,서울특별시 양천구 목동 131-98,37.5443065,126.8812808,2025-06-30
목2동,서울특별시 양천구 목동중앙로 217,서울특별시 양천구 목동 136-2,37.544227,126.8831853,2025-06-30
목2동,서울특별시 양천구 목동중앙로13길 29,서울특별시 양천구 목동 128-16,37.5454616,126.881566,2025-06-30
목2동,서울특별시 양천구 목동중앙로13길 37,서울특별시 양천구 목동 124-18,37.5457425,126.8812666,2025-06-30
목2동,서울특별시 양천구 목동중앙북로24길 1-31,서울특별시 양천구 목동 517-12,37.5458221,126.8778817,2025-06-30
목2동,서울특별시 양천구 목동중앙북로24길 1-16,서울특별시 양천구 목동 520-40,37.5461681,126.878919,2025-06-30
목2동,서울특별시 양천구 목동중앙북로 131,서울특별시 양천구 목동 516-6,37.5466232,126.8778526,2025-06-30
목2동,서울특별시 양천구 목동중앙북로22길 25,서울특별시 양천구 목동 522-9,37.5452743,126.876937,2025-06-30
목2동,서울특별시 양천구 목동중앙본로24길 40,서울특별시 양천구 목동 231-5,37.5423781,126.8706115,2025-06-30
목2동,서울특별시 양천구 목동중앙본로22길 51,서울특별시 양천구 목동 231-72,37.5416343,126.8719905,2025-06-30
목2동,서울특별시 양천구 목동중앙본로22길 63-1,서울특별시 양천구 목동 231-145,37.5413144,126.8726788,2025-06-30
목2동,서울특별시 양천구 목동중앙본로20길 65,서울특별시 양천구 목동 231-151,37.540909,126.872662,2025-06-30
목2동,서울특별시 양천구 목동중앙본로20길 62,서울특별시 양천구 목동 231-158,37.540834,126.8723589,2025-06-30
목2동,서울특별시 양천구 목동중앙본로18길 51,서울특별시 양천구 목동 231-94,37.5416733,126.8703559,2025-06-30
목2동,서울특별시 양천구 목동중앙본로18길 62,서울특별시 양천구 목동 231-168,37.5416733,126.8703559,2025-06-30
목2동,서울특별시 양천구 목동중앙본로18길 82,서울특별시 양천구 목동 231-187,37.5416733,126.8703559,2025-06-30
목2동,서울특별시 양천구 목동중앙본로2길 46-42,서울특별시 양천구 목동 231-196,37.5398288,126.8727753,2025-06-30
목2동,서울특별시 양천구 목동중앙본로2길 46-20,서울특별시 양천구 목동 231-116,37.5403436,126.8716764,2025-06-30
목2동,서울특별시 양천구 목동중앙본로2길 38-19,서울특별시 양천구 목동 231-117,37.5401806,126.8716261,2025-06-30
목2동,서울특별시 양천구 목동중앙본로2길 38-39,서울특별시 양천구 목동 231-195,37.5396757,126.8726535,2025-06-30
목2동,서울특별시 양천구 목동중앙본로2길 38-45,서울특별시 양천구 목동 231-193,37.5395333,126.8729593,2025-06-30
목2동,서울특별시 양천구 목동중앙본로2길 28-41,서울특별시 양천구 목동 231-222,37.5392854,126.8726897,2025-06-30
목2동,서울특별시 양천구 목동중앙본로2길 28-27,서울특별시 양천구 목동 231-251,37.5395798,126.8720996,2025-06-30
목2동,서울특별시 양천구 목동중앙본로2길 28-19,서울특별시 양천구 목동 231-184,37.539778,126.8716064,2025-06-30
목2동,서울특별시 양천구 목동중앙본로2길 32,서울특별시 양천구 목동 231-132,37.5401828,126.8707074,2025-06-30
목2동,서울특별시 양천구 목동중앙본로2길 40,서울특별시 양천구 목동 231-121,37.540577,126.8707729,2025-06-30
목2동,서울특별시 양천구 목동중앙본로2길 33,서울특별시 양천구 목동 437-27,37.5402935,126.8704842,2025-06-30
목2동,서울특별시 양천구 목동중앙본로20길 15,서울특별시 양천구 목동 231-24,37.5419811,126.8701511,2025-06-30
목2동,서울특별시 양천구 목동중앙본로19길 13,서울특별시 양천구 목동 315-13,37.5420606,126.8684767,2025-06-30
목2동,서울특별시 양천구 목동중앙본로18길 19,서울특별시 양천구 목동 213-46,37.5416701,126.8702572,2025-06-30
목2동,서울특별시 양천구 목동중앙본로18가길 4,서울특별시 양천구 목동 231-242,37.5413063,126.8699484,2025-06-30
목2동,서울특별시 양천구 목동중앙본로18가길 11,서울특별시 양천구 목동 232-33,37.5409875,126.8702589,2025-06-30
목2동,서울특별시 양천구 목동중앙본로 60-13,서울특별시 양천구 목동 231-61,37.5413364,126.8696608,2025-06-30
목2동,서울특별시 양천구 목동중앙본로 60-5,서울특별시 양천구 목동 233-3,37.5413073,126.869424,2025-06-30
목2동,서울특별시 양천구 목동중앙본로15길 9,서울특별시 양천구 목동 315-38,37.5413516,126.8684377,2025-06-30
목2동,서울특별시 양천구 목동중앙본로15길 16,서울특별시 양천구 목동 315-31,37.5415837,126.8681427,2025-06-30
목2동,서울특별시 양천구 목동중앙본로13길 12,서울특별시 양천구 목동 315-37,37.5412206,126.8683806,2025-06-30
목2동,서울특별시 양천구 목동중앙본로 56-12,서울특별시 양천구 목동 234-10,37.5406165,126.8692874,2025-06-30
목2동,서울특별시 양천구 목동중앙본로 50-9,서울특별시 양천구 목동 229-1,37.5404355,126.8694187,2025-06-30
목2동,서울특별시 양천구 목동중앙로 103-1,서울특별시 양천구 목동 222-26,37.5383428,126.8729056,2025-06-30
목2동,서울특별시 양천구 목동중앙본로2길 5,서울특별시 양천구 목동 750-6,37.5392123,126.8702362,2025-06-30
목2동,서울특별시 양천구 목동중앙본로11길 7,서울특별시 양천구 목동 315-60,37.540344,126.8682987,2025-06-30
목2동,서울특별시 양천구 목동중앙본로9길 3,서울특별시 양천구 목동 315-64,37.5401093,126.8685159,2025-06-30
목3동,서울특별시 양천구 목동중앙북로8길 100,서울특별시 양천구 목동 639-5,37.5444643,126.866169,2025-06-30
목3동,서울특별시 양천구 목동중앙북로8길 84,서울특별시 양천구 목동 640-2,37.5446352,126.8660101,2025-06-30
목3동,서울특별시 양천구 목동중앙북로8길 80-8,서울특별시 양천구 목동 646-24,37.5459483,126.8651373,2025-06-30
목3동,서울특별시 양천구 목동중앙북로6길 44,서울특별시 양천구 목동 624-10,37.5473713,126.8648656,2025-06-30
목3동,서울특별시 양천구 목동중앙북로4길 30,서울특별시 양천구 목동 964,37.5474892,126.8642821,2025-06-30
목3동,서울특별시 양천구 목동중앙북로4길 36,서울특별시 양천구 목동 622-6,37.5467333,126.8639009,2025-06-30
목3동,서울특별시 양천구 목동중앙북로2길 28,서울특별시 양천구 목동 621-2,37.5473868,126.8635554,2025-06-30
목3동,서울특별시 양천구 목동중앙북로2길 9,서울특별시 양천구 목동 615-15,37.5481879,126.8641296,2025-06-30
목3동,서울특별시 양천구 목동중앙북로5길 14,서울특별시 양천구 목동 610-33,37.548981,126.8656959,2025-06-30
목3동,서울특별시 양천구 목동중앙북로7가길 46-1,서울특별시 양천구 목동 607-31,37.5497737,126.8654052,2025-06-30
목3동,서울특별시 양천구 목동중앙북로7가길 52-3,서울특별시 양천구 목동 607-41,37.5499607,126.8648163,2025-06-30
목3동,서울특별시 양천구 목동중앙북로1길 20,서울특별시 양천구 목동 612-4,37.5494973,126.8645321,2025-06-30
목3동,서울특별시 양천구 목동중앙북로1길 39,서울특별시 양천구 목동 606-7,37.5504151,126.8645434,2025-06-30
목3동,서울특별시 양천구 목동중앙북로7나길 54,서울특별시 양천구 목동 605-11,37.5503705,126.8651604,2025-06-30
목3동,서울특별시 양천구 목동중앙북로7나길 13,서울특별시 양천구 목동 609-5,37.54968,126.8660648,2025-06-30
목3동,서울특별시 양천구 목동중앙북로 33-7,서울특별시 양천구 목동 602-7,37.5483649,126.8675771,2025-06-30
목3동,서울특별시 양천구 목동중앙북로8가길 23,서울특별시 양천구 목동 627-2,37.5466617,126.8659985,2025-06-30
목3동,서울특별시 양천구 목동중앙북로8길 58,서울특별시 양천구 목동 646-10,37.5459483,126.8651373,2025-06-30
목3동,서울특별시 양천구 목동중앙남로16마길 20,서울특별시 양천구 목동 642-8,37.5454965,126.864188,2025-06-30
목3동,서울특별시 양천구 목동중앙남로16다길 14-7,서울특별시 양천구 목동 324-100,37.5435233,126.8650583,2025-06-30
목3동,서울특별시 양천구 목동중앙본로7가길 74,서울특별시 양천구 목동 318-94,37.5433699,126.8666935,2025-06-30
목3동,서울특별시 양천구 목동중앙북로8길 84-19,서울특별시 양천구 목동 639-7,37.5459483,126.8651373,2025-06-30
목3동,서울특별시 양천구 목동중앙북로8길 84-45,서울특별시 양천구 목동 639-12,37.5459483,126.8651373,2025-06-30
목3동,서울특별시 양천구 목동중앙남로16다길 12,서울특별시 양천구 목동 318-13,37.5435233,126.8650583,2025-06-30
목3동,서울특별시 양천구 목동중앙남로16다길 5-18,서울특별시 양천구 목동 318-21,37.5435233,126.8650583,2025-06-30
목3동,서울특별시 양천구 목동중앙본로7가길 84,서울특별시 양천구 목동 318-47,37.543164,126.8659649,2025-06-30
목3동,서울특별시 양천구 목동중앙본로7가길 67-8,서울특별시 양천구 목동 318-100,37.5416651,126.8668859,2025-06-30
목3동,서울특별시 양천구 목동중앙본로7가길 58-20,서울특별시 양천구 목동 318-143,37.5416651,126.8668859,2025-06-30
목3동,서울특별시 양천구 목동중앙본로7가길 68-19,서울특별시 양천구 목동 318-282,37.5416651,126.8668859,2025-06-30
목3동,서울특별시 양천구 목동중앙본로7가길 58-6,서울특별시 양천구 목동 318-319,37.5416651,126.8668859,2025-06-30
목3동,서울특별시 양천구 목동중앙본로17길 37,서울특별시 양천구 목동 318-194,37.5418293,126.8676025,2025-06-30
목3동,서울특별시 양천구 목동중앙본로7가길 34,서울특별시 양천구 목동 318-208,37.5416651,126.8668859,2025-06-30
목3동,서울특별시 양천구 목동중앙본로7가길 16,서울특별시 양천구 목동 318-243,37.5408384,126.8678305,2025-06-30
목3동,서울특별시 양천구 목동중앙남로14길 28,서울특별시 양천구 목동 717-3,37.5405881,126.8663806,2025-06-30
목3동,서울특별시 양천구 목동중앙남로14가길 24,서울특별시 양천구 목동 318-111,37.5416912,126.8658224,2025-06-30
목3동,서울특별시 양천구 목동중앙남로14가길 40,서울특별시 양천구 목동 318-64,37.5416912,126.8658224,2025-06-30
목3동,서울특별시 양천구 목동중앙남로 97,서울특별시 양천구 목동 712-1,37.5377367,126.8672364,2025-06-30
목3동,서울특별시 양천구 등촌로 132,서울특별시 양천구 목동 713-1,37.5508707,126.8641665,2025-06-30
목3동,서울특별시 양천구 목동중앙남로13길 20,서울특별시 양천구 목동 713-19,37.5402926,126.8647287,2025-06-30
목3동,서울특별시 양천구 목동중앙남로14길 11,서울특별시 양천구 목동 716-14,37.5405881,126.8663806,2025-06-30
목3동,서울특별시 양천구 목동중앙남로16가길 8,서울특별시 양천구 목동 324-133,37.5428718,126.8638374,2025-06-30
목3동,서울특별시 양천구 목동중앙남로16가길 22-4,서울특별시 양천구 목동 324-178,37.5428718,126.8638374,2025-06-30
목3동,서울특별시 양천구 목동중앙남로16라길 8,서울특별시 양천구 목동 324-48,37.5444817,126.8629815,2025-06-30
목3동,서울특별시 양천구 목동중앙남로16라길 34,서울특별시 양천구 목동 644-15,37.5444817,126.8629815,2025-06-30
목3동,서울특별시 양천구 목동중앙남로16라길 42,서울특별시 양천구 목동 655-22,37.5444817,126.8629815,2025-06-30
목3동,서울특별시 양천구 등촌로 178,서울특별시 양천구 목동 655-24,37.5508707,126.8641665,2025-06-30
목3동,서울특별시 양천구 등촌로 188,서울특별시 양천구 목동 650-1,37.5508707,126.8641665,2025-06-30
목4동,서울특별시 양천구 목동중앙남로3가길 60,서울특별시 양천구 목동 725-1,37.538839,126.8644087,2025-06-30
목4동,서울특별시 양천구 목동중앙서로8길 48,서울특별시 양천구 목동 804-51,37.531418,126.8661279,2025-06-30
목4동,서울특별시 양천구 목동중앙서로8가길 5,서울특별시 양천구 목동 804-27,37.5311164,126.8650242,2025-06-30
목4동,서울특별시 양천구 목동중앙서로6길 25,서울특별시 양천구 목동 804-2,37.5313506,126.8653049,2025-06-30
목4동,서울특별시 양천구 목동중앙서로 5,서울특별시 양천구 목동 791-9,37.5327498,126.8668033,2025-06-30
목4동,서울특별시 양천구 목동중앙서로7길 49,서울특별시 양천구 목동 781-15,37.5329453,126.8655217,2025-06-30
목4동,서울특별시 양천구 목동중앙서로7다길 2,서울특별시 양천구 목동 781-23,37.5354364,126.864956,2025-06-30
목4동,서울특별시 양천구목동중앙서로7나길 12-16,서울특별시 양천구 목동 785-17,37.5347998,126.8646257,2025-06-30
목4동,서울특별시 양천구 목동중앙로3길 94,서울특별시 양천구 목동 741-6,37.5372984,126.8683299,2025-06-30
목4동,서울특별시 양천구 목동중앙본로7길 21,서울특별시 양천구 목동 741-13,37.5396767,126.8673123,2025-06-30
목4동,서울특별시 양천구 목동중앙본로3길 22-1,서울특별시 양천구 목동 745-2,37.5387013,126.8687473,2025-06-30
목4동,서울특별시 양천구 목동중앙본로3길 25,서울특별시 양천구 목동 746-6,37.5387013,126.8687473,2025-06-30
목4동,서울특별시 양천구 목동중앙본로5길 51,서울특별시 양천구 목동 745-12,37.5381275,126.8682375,2025-06-30
목4동,서울특별시 양천구 목동중앙본로5길 64,서울특별시 양천구 목동 761-5,37.5381275,126.8682375,2025-06-30
목4동,서울특별시 양천구 목동중앙로5길 47,서울특별시 양천구 목동 760-11,37.5375874,126.870715,2025-06-30
목4동,서울특별시 양천구 목동중앙로5길 26,서울특별시 양천구 목동 756-6,37.5375874,126.870715,2025-06-30
목4동,서울특별시 양천구 목동중앙로5가길 8,서울특별시 양천구 목동 753-11,37.537985,126.8709662,2025-06-30
목4동,서울특별시 양천구 목동중앙로5가길 31,서울특별시 양천구 목동 755-2,37.537985,126.8709662,2025-06-30
목4동,서울특별시 양천구 목동중앙본로1길 11,서울특별시 양천구 목동 755-1,37.5381209,126.8692323,2025-06-30
목4동,서울특별시 양천구 목동중앙본로1길 8-11,서울특별시 양천구 목동 746-27,37.5381209,126.8692323,2025-06-30
목4동,서울특별시 양천구 목동중앙본로5길 38,서울특별시 양천구 목동 744-12,37.5381275,126.8682375,2025-06-30
목4동,서울특별시 양천구 목동중앙남로10길 16-8,서울특별시 양천구 목동 738-15,37.5382763,126.8672859,2025-06-30
목4동,서울특별시 양천구 목동중앙남로4길 21,서울특별시 양천구 목동 737-9,37.5368104,126.8679209,2025-06-30
목4동,서울특별시 양천구 목동중앙로3길 41,서울특별시 양천구 목동 767-19,37.5372984,126.8683299,2025-06-30
목4동,서울특별시 양천구 목동중앙로3길 17,서울특별시 양천구 목동 764-1,37.5372984,126.8683299,2025-06-30
목4동,서울특별시 양천구 목동중앙서로11길 11,서울특별시 양천구 목동 774-12,37.5344037,126.8665285,2025-06-30
목4동,서울특별시 양천구 목동중앙서로 39-16,서울특별시 양천구 목동 774-11,37.5325954,126.8679799,2025-06-30
목4동,서울특별시 양천구 목동중앙서로11길 49-16,서울특별시 양천구 목동 779-18,37.5344037,126.8665285,2025-06-30
목4동,서울특별시 양천구 목동중앙서로11길 48,서울특별시 양천구 목동 771-5,37.5344037,126.8665285,2025-06-30
목4동,서울특별시 양천구 목동중앙남로 11-10,서울특별시 양천구 목동 770-32,37.5355828,126.86925,2025-06-30
목4동,서울특별시 양천구 목동중앙남로 11-19,서울특별시 양천구 목동 772-15,37.5377367,126.8672364,2025-06-30
목4동,서울특별시 양천구 목동중앙남로 11-32,서울특별시 양천구 목동 771-31,37.5377367,126.8672364,2025-06-30
목4동,서울특별시 양천구 목동중앙서로11길 30-23,서울특별시 양천구 목동 771-29,37.5344037,126.8665285,2025-06-30
목4동,서울특별시 양천구 목동중앙서로11길 30-21,서울특별시 양천구 목동 771-28,37.5344037,126.8665285,2025-06-30
목4동,서울특별시 양천구 목동중앙서로11길 40,서울특별시 양천구 목동 771-14,37.5344037,126.8665285,2025-06-30
목4동,서울특별시 양천구 목동중앙서로9길 54,서울특별시 양천구 목동 775-8,37.5335934,126.866601,2025-06-30
목4동,서울특별시 양천구 목동중앙남로3길 27,서울특별시 양천구 목동 780-1,37.5357282,126.8655694,2025-06-30
목4동,서울특별시 양천구 목동중앙서로11길 65-7,서울특별시 양천구 목동 779-17,37.5344037,126.8665285,2025-06-30
목4동,서울특별시 양천구 목동중앙서로11길 73,서울특별시 양천구 목동 779-38,37.5344037,126.8665285,2025-06-30
목4동,서울특별시 양천구 목동중앙남로 21-18,서울특별시 양천구 목동 768-12,37.5377367,126.8672364,2025-06-30
목4동,서울특별시 양천구 목동중앙남로 21-7,서울특별시 양천구 목동 769-13,37.5377367,126.8672364,2025-06-30
목4동,서울특별시 양천구 목동중앙남로 20,서울특별시 양천구 목동 766-18,37.5377367,126.8672364,2025-06-30
목4동,서울특별시 양천구 목동중앙남로 12,서울특별시 양천구 목동 764-5,37.5358607,126.8686997,2025-06-30
목4동,서울특별시 양천구 목동중앙남로 7,서울특별시 양천구 목동 772-4,37.5351124,126.8690486,2025-06-30
목4동,서울특별시 양천구 목동중앙남로 12-18,서울특별시 양천구 목동 764-12,37.5377367,126.8672364,2025-06-30
목4동,서울특별시 양천구 목동중앙남로2길 15,서울특별시 양천구 목동 766-6,37.5362452,126.8687374,2025-06-30
신월1동,서울특별시 양천구 곰달래로2길 31,서울특별시 양천구 신월동 1032,37.5275372,126.8352086,2025-06-30
신월1동,서울특별시 양천구 곰달래로3길 35,서울특별시 양천구 신월동 135-26,37.5315735,126.8329702,2025-06-30
신월1동,서울특별시 양천구 곰달래로1길 58,서울특별시 양천구 신월동 140-19,37.5326011,126.8315489,2025-06-30
신월1동,서울특별시 양천구 곰달래로6길 30-1,서울특별시 양천구 신월동 218-21,37.5279721,126.8360278,2025-06-30
신월1동,서울특별시 양천구 곰달래로6길 38,서울특별시 양천구 신월동 218-46,37.5279721,126.8360278,2025-06-30
신월1동,서울특별시 양천구 남부순환로63길 20,서울특별시 양천구 신월동 221-14,37.5290538,126.8341738,2025-06-30
신월1동,서울특별시 양천구 곰달래로 12-1,서울특별시 양천구 신월동 225-2,37.5302798,126.8326926,2025-06-30
신월1동,서울특별시 양천구 곰달래로6길 5-9,서울특별시 양천구 신월동 226-12,37.5279721,126.8360278,2025-06-30
신월1동,서울특별시 양천구 곰달래로10길 9,서울특별시 양천구 신월동 229-3,37.527287,126.8385461,2025-06-30
신월1동,서울특별시 양천구 곰달래로6길 5-22,서울특별시 양천구 신월동 230-7,37.5279721,126.8360278,2025-06-30
신월1동,서울특별시 양천구 월정로15길 23-1,서울특별시 양천구 신월동 233-9,37.5277427,126.8382317,2025-06-30
신월1동,서울특별시 양천구 월정로17길 12,서울특별시 양천구 신월동 234-17,37.5280073,126.8374071,2025-06-30
신월1동,서울특별시 양천구 곰달래로10길 28,서울특별시 양천구 신월동 242-39,37.527287,126.8385461,2025-06-30
신월1동,서울특별시 양천구 가로공원로70길 14,서울특별시 양천구 신월동 94-4,37.535859,126.8325662,2025-06-30
신월1동,서울특별시 양천구 곰달래로10길 33-6,서울특별시 양천구 신월동 239-1,37.527287,126.8385461,2025-06-30
신월1동,서울특별시 양천구 곰달래로9길 46,서울특별시 양천구 신월동 107-45,37.5331145,126.8342823,2025-06-30
신월1동,서울특별시 양천구 곰달래로9길 51,서울특별시 양천구 신월동 101-7,37.5331145,126.8342823,2025-06-30
신월1동,서울특별시 양천구 월정로33길 22,서울특별시 양천구 신월동 98-26,37.5351516,126.8340541,2025-06-30
신월1동,서울특별시 양천구 가로공원로66길 37,서울특별시 양천구 신월동 92-7,37.5353797,126.8322456,2025-06-30
신월1동,서울특별시 양천구 곰달래로11길 22,서울특별시 양천구 신월동 118-13,37.53301,126.8350307,2025-06-30
신월1동,서울특별시 양천구 월정로15길 7,서울특별시 양천구 신월동 241-18,37.5277427,126.8382317,2025-06-30
신월1동,서울특별시 양천구 곰달래로10길 39,서울특별시 양천구 신월동 238-1,37.527287,126.8385461,2025-06-30
신월1동,서울특별시 양천구 곰달래로6길 30-6,서울특별시 양천구 신월동 218-6,37.5279721,126.8360278,2025-06-30
신월1동,서울특별시 양천구 남부순환로65길 12,서울특별시 양천구 신월동 218-1,37.5273679,126.8356145,2025-06-30
신월1동,서울특별시 양천구 곰달래로2길 15,서울특별시 양천구 신월동 221-28,37.5275906,126.834713,2025-06-30
신월1동,서울특별시 양천구 곰달래로5길 7-1,서울특별시 양천구 신월동 126-55,37.5335107,126.8325462,2025-06-30
신월1동,서울특별시 양천구 곰달래로1길 20,서울특별시 양천구 신월동 132-17,37.5326011,126.8315489,2025-06-30
신월1동,서울특별시 양천구 월정로17길 24-16,서울특별시 양천구 신월동 232-32,37.5280073,126.8374071,2025-06-30
신월1동,서울특별시 양천구 남부순환로65길 7,서울특별시 양천구 신월동 220-23,37.5273679,126.8356145,2025-06-30
신월1동,서울특별시 양천구 곰달래로2길 39,서울특별시 양천구 신월동 218-10,37.5275906,126.834713,2025-06-30
신월1동,서울특별시 양천구 곰달래로2길 42,서울특별시 양천구 신월동 217-46,37.5275906,126.834713,2025-06-30
신월1동,서울특별시 양천구 곰달래로5길 63,서울특별시 양천구 신월동 143-2,37.5335107,126.8325462,2025-06-30
신월1동,서울특별시 양천구 남부순환로57길 14,서울특별시 양천구 신월동 141-11,37.5337664,126.8310163,2025-06-30
신월1동,서울특별시 양천구 남부순환로57길 10,서울특별시 양천구 신월동 137-1,37.5337664,126.8310163,2025-06-30
신월1동,서울특별시 양천구 곰달래로1길 54,서울특별시 양천구 신월동 140-15,37.5326011,126.8315489,2025-06-30
신월2동,서울특별시 양천구 오목로 76-2,서울특별시 양천구 신월동 1049,37.5242619,126.8772058,2025-06-30
신월2동,서울특별시 양천구 오목로9길 19,서울특별시 양천구 신월동 446-5,37.5239642,126.8427684,2025-06-30
신월2동,서울특별시 양천구 중앙로57길 2,서울특별시 양천구 신월동 455-10,37.5266987,126.8457047,2025-06-30
신월2동,서울특별시 양천구 중앙로55길 16,서울특별시 양천구 신월동 457-15,37.5261433,126.8451774,2025-06-30
신월2동,서울특별시 양천구 중앙로55길 22,서울특별시 양천구 신월동 457-7,37.5261433,126.8451774,2025-06-30
신월2동,서울특별시 양천구 중앙로55길 24,서울특별시 양천구 신월동 457-9,37.5261433,126.8451774,2025-06-30
신월2동,서울특별시 양천구 중앙로55길 32,서울특별시 양천구 신월동 458-3,37.5261433,126.8451774,2025-06-30
신월2동,서울특별시 양천구 중앙로55길 30,서울특별시 양천구 신월동 458-8,37.5261433,126.8451774,2025-06-30
신월2동,서울특별시 양천구 중앙로57길 49,서울특별시 양천구 신월동 460-2,37.5266987,126.8457047,2025-06-30
신월2동,서울특별시 양천구 중앙로55길 50-1,서울특별시 양천구 신월동 460-29,37.5261433,126.8451774,2025-06-30
신월2동,서울특별시 양천구 중앙로55길 54-1,서울특별시 양천구 신월동 460-33,37.5261433,126.8451774,2025-06-30
신월2동,서울특별시 양천구 오목로13길 36,서울특별시 양천구 신월동 466-1,37.5249459,126.845173,2025-06-30
신월2동,서울특별시 양천구 오목로15길 32-7,서울특별시 양천구 신월동 467-5,37.5245895,126.8458422,2025-06-30
신월2동,서울특별시 양천구 중앙로53길 34,서울특별시 양천구 신월동 468-4,37.525316,126.845751,2025-06-30
신월2동,서울특별시 양천구 중앙로53길 22-10,서울특별시 양천구 신월동 469-2,37.525316,126.845751,2025-06-30
신월2동,서울특별시 양천구 중앙로55길 9,서울특별시 양천구 신월동 470-14,37.5261433,126.8451774,2025-06-30
신월2동,서울특별시 양천구 중앙로53길 12-13,서울특별시 양천구 신월동 470-19,37.525316,126.845751,2025-06-30
신월2동,서울특별시 양천구 중앙로53길 12,서울특별시 양천구 신월동 473-11,37.525316,126.845751,2025-06-30
신월2동,서울특별시 양천구 중앙로51길 6,서울특별시 양천구 신월동 474-9,37.5243113,126.8466809,2025-06-30
신월2동,서울특별시 양천구 중앙로53길 5,서울특별시 양천구 신월동 475,37.525316,126.845751,2025-06-30
신월2동,서울특별시 양천구 중앙로51길 26-2,서울특별시 양천구 신월동 477-12,37.5243113,126.8466809,2025-06-30
신월2동,서울특별시 양천구 중앙로51길 26-10,서울특별시 양천구 신월동 477-3,37.5243113,126.8466809,2025-06-30
신월2동,서울특별시 양천구 중앙로53길 25,서울특별시 양천구 신월동 478-1,37.525316,126.845751,2025-06-30
신월2동,서울특별시 양천구 중앙로51길 30,서울특별시 양천구 신월동 478-19,37.5243113,126.8466809,2025-06-30
신월2동,서울특별시 양천구 중앙로51길 34,서울특별시 양천구 신월동 479-25,37.5243113,126.8466809,2025-06-30
신월2동,서울특별시 양천구 오목로15길 22,서울특별시 양천구 신월동 480-18,37.5245895,126.8458422,2025-06-30
신월2동,서울특별시 양천구 오목로15길 20,서울특별시 양천구 신월동 480-6,37.5245895,126.8458422,2025-06-30
신월2동,서울특별시 양천구 오목로11길 17-15,서울특별시 양천구 신월동 487-2,37.5241898,126.8436829,2025-06-30
신월2동,서울특별시 양천구 오목로11길 17,서울특별시 양천구 신월동 487-8,37.5241898,126.8436829,2025-06-30
신월2동,서울특별시 양천구 중앙로51길 51,서울특별시 양천구 신월동 488-18,37.5243113,126.8466809,2025-06-30
신월2동,서울특별시 양천구 중앙로51길 53,서울특별시 양천구 신월동 488-8,37.5243113,126.8466809,2025-06-30
신월2동,서울특별시 양천구 오목로 81,서울특별시 양천구 신월동 493-17,37.5242619,126.8772058,2025-06-30
신월2동,서울특별시 양천구 오목로19길 1,서울특별시 양천구 신월동 494-8,37.5243686,126.8470634,2025-06-30
신월2동,서울특별시 양천구 오목로 101,서울특별시 양천구 신월동 495-1,37.5267212,126.8686816,2025-06-30
신월2동,서울특별시 양천구 중앙로 311,서울특별시 양천구 신월동 500-21,37.5252594,126.8502881,2025-06-30
신월2동,서울특별시 양천구 오목로 100,서울특별시 양천구 신월동 505-1,37.5242619,126.8772058,2025-06-30
신월2동,서울특별시 양천구 오목로 104,서울특별시 양천구 신월동 505-4,37.5242619,126.8772058,2025-06-30
신월2동,서울특별시 양천구 오목로 90,서울특별시 양천구 신월동 506-1,37.5242619,126.8772058,2025-06-30
신월2동,서울특별시 양천구 오목로 88,서울특별시 양천구 신월동 507-3,37.5242619,126.8772058,2025-06-30
신월2동,서울특별시 양천구 오목로 72-2,서울특별시 양천구 신월동 509-5,37.5242619,126.8772058,2025-06-30
신월2동,서울특별시 양천구 오목로10길 7-3,서울특별시 양천구 신월동 510-4,37.521815,126.8440775,2025-06-30
신월2동,서울특별시 양천구 신월로27길 36,서울특별시 양천구 신월동 513-6,37.52161,126.8457541,2025-06-30
신월2동,서울특별시 양천구 신월로 220,서울특별시 양천구 신월동 607-1,37.5211007,126.8447742,2025-06-30
신월3동,서울특별시 양천구 가로공원로 66,서울특별시 양천구 신월동 151-1,37.5354683,126.8250606,2025-06-30
신월3동,서울특별시 양천구 가로공원로56길 5,서울특별시 양천구 신월동 151-26,37.5352795,126.8271227,2025-06-30
신월3동,서울특별시 양천구 가로공원로56길 1,서울특별시 양천구 신월동 151-29,37.5352795,126.8271227,2025-06-30
신월3동,서울특별시 양천구 가로공원로60가길 15,서울특별시 양천구 신월동 157-20,37.5343963,126.8262937,2025-06-30
신월3동,서울특별시 양천구 남부순환로46길 2-1,서울특별시 양천구 신월동 161-24,37.5333483,126.8274594,2025-06-30
신월3동,서울특별시 양천구 남부순환로48길 2,서울특별시 양천구 신월동 162-32,37.5330814,126.8275746,2025-06-30
신월3동,서울특별시 양천구 남부순환로54길 2,서울특별시 양천구 신월동 166-14,37.532291,126.8279906,2025-06-30
신월3동,서울특별시 양천구 남부순환로54길 5,서울특별시 양천구 신월동 167-5,37.532291,126.8279906,2025-06-30
신월3동,서울특별시 양천구 가로공원로58길 35-1,서울특별시 양천구 신월동 187-1,37.5329996,126.8243678,2025-06-30
신월3동,서울특별시 양천구 남부순환로60길 8,서울특별시 양천구 신월동 198-16,37.5307731,126.8291485,2025-06-30
신월3동,서울특별시 양천구 남부순환로60길 2-1,서울특별시 양천구 신월동 198-19,37.5307731,126.8291485,2025-06-30
신월3동,서울특별시 양천구 남부순환로56가길 13,서울특별시 양천구 신월동 198-22,37.5316347,126.8300902,2025-06-30
신월3동,서울특별시 양천구 남부순환로62길 32,서울특별시 양천구 신월동 201-15,37.530386,126.8296385,2025-06-30
신월3동,서울특별시 양천구 남부순환로58길 22,서울특별시 양천구 신월동 203-21,37.5299697,126.8302549,2025-06-30
신월3동,서울특별시 양천구 남부순환로58길 27,서울특별시 양천구 신월동 205-15,37.5299697,126.8302549,2025-06-30
신월3동,서울특별시 양천구 남부순환로58길 31-19,서울특별시 양천구 신월동 205-31,37.5299697,126.8302549,2025-06-30
신월3동,서울특별시 양천구 남부순환로58길 41,서울특별시 양천구 신월동 205-39,37.5299697,126.8302549,2025-06-30
신월3동,서울특별시 양천구 남부순환로64길 23-1,서울특별시 양천구 신월동 207-27,37.5272582,126.8328173,2025-06-30
신월3동,서울특별시 양천구 남부순환로64길 27,서울특별시 양천구 신월동 207-28,37.5272582,126.8328173,2025-06-30
신월3동,서울특별시 양천구 남부순환로64길 29,서울특별시 양천구 신월동 207-54,37.5272582,126.8328173,2025-06-30
신월3동,서울특별시 양천구 남부순환로64길 37-11,서울특별시 양천구 신월동 207-77,37.5272582,126.8328173,2025-06-30
신월3동,서울특별시 양천구 남부순환로64길 37-5,서울특별시 양천구 신월동 207-31,37.5272582,126.8328173,2025-06-30
신월3동,서울특별시 양천구 남부순환로 448,서울특별시 양천구 신월동 206-3,37.5327968,126.8304943,2025-06-30
신월3동,서울특별시 양천구 남부순환로 442,서울특별시 양천구 신월동 206-1,37.5327968,126.8304943,2025-06-30
신월3동,서울특별시 양천구 남부순환로58길 12,서울특별시 양천구 신월동 198-12,37.5299697,126.8302549,2025-06-30
신월3동,서울특별시 양천구 남부순환로58길 24-12,서울특별시 양천구 신월동 203-16,37.5299697,126.8302549,2025-06-30
신월3동,서울특별시 양천구 남부순환로54길 48,서울특별시 양천구 신월동 194-14,37.532291,126.8279906,2025-06-30
신월3동,서울특별시 양천구 가로공원로58길 13-1,서울특별시 양천구 신월동 184-1,37.5329996,126.8243678,2025-06-30
신월3동,서울특별시 양천구 가로공원로56길 27-1,서울특별시 양천구 신월동 150-14,37.5352795,126.8271227,2025-06-30
신월3동,서울특별시 양천구 가로공원로64길 29,서울특별시 양천구 신월동 167-4,37.5353383,126.8279762,2025-06-30
신월3동,서울특별시 양천구 남부순환로36길 25-1,서울특별시 양천구 신월동 48-21,37.536165,126.8261546,2025-06-30
신월3동,서울특별시 양천구 남부순환로36길 27-1,서울특별시 양천구 신월동 48-1,37.536165,126.8261546,2025-06-30
신월3동,서울특별시 양천구 가로공원로55길 20-1,서울특별시 양천구 신월동 46-7,37.5363683,126.8245984,2025-06-30
신월3동,서울특별시 양천구 가로공원로55길 26,서울특별시 양천구 신월동 46-4,37.5363683,126.8245984,2025-06-30
신월3동,서울특별시 양천구 가로공원로55길 30-1,서울특별시 양천구 신월동 46-12,37.5363683,126.8245984,2025-06-30
신월4동,서울특별시 양천구 오목로1길 35,서울특별시 양천구 신월동 1068,37.5240564,126.8364832,2025-06-30
신월4동,서울특별시 양천구 오목로7길 32,서울특별시 양천구 신월동 1084,37.523749,126.8415588,2025-06-30
신월4동,서울특별시 양천구 남부순환로 495,서울특별시 양천구 신월동 410-15,37.5327968,126.8304943,2025-06-30
신월4동,서울특별시 양천구 오목로1길 51,서울특별시 양천구 신월동 410-16,37.5234115,126.8370983,2025-06-30
신월4동,서울특별시 양천구 남부순환로 497,서울특별시 양천구 신월동 410-26,37.5246573,126.8364812,2025-06-30
신월4동,서울특별시 양천구 월정로11길 20,서울특별시 양천구 신월동 411-10,37.5255705,126.8393064,2025-06-30
신월4동,서울특별시 양천구 월정로11길 24,서울특별시 양천구 신월동 411-11,37.5255705,126.8393064,2025-06-30
신월4동,서울특별시 양천구 월정로11길 16,서울특별시 양천구 신월동 411-7,37.5255705,126.8393064,2025-06-30
신월4동,서울특별시 양천구 월정로11길 14,서울특별시 양천구 신월동 412-2,37.5255705,126.8393064,2025-06-30
신월4동,서울특별시 양천구 국회대로 50,서울특별시 양천구 신월동 412-7,37.5288146,126.8564485,2025-06-30
신월4동,서울특별시 양천구 오목로5길 42,서울특별시 양천구 신월동 413-1,37.5239965,126.8402541,2025-06-30
신월4동,서울특별시 양천구 오목로5길 38,서울특별시 양천구 신월동 413-13,37.5239965,126.8402541,2025-06-30
신월4동,서울특별시 양천구 월정로11길 5,서울특별시 양천구 신월동 413-19,37.5255705,126.8393064,2025-06-30
신월4동,서울특별시 양천구 남부순환로67길 2,서울특별시 양천구 신월동 418-2,37.5235824,126.8375705,2025-06-30
신월4동,서울특별시 양천구 남부순환로67길 10,서울특별시 양천구 신월동 419-2,37.5235824,126.8375705,2025-06-30
신월4동,서울특별시 양천구 오목로3길 23,서울특별시 양천구 신월동 421-12,37.523687,126.8386791,2025-06-30
신월4동,서울특별시 양천구 오목로3길 29,서울특별시 양천구 신월동 421-6,37.5239512,126.8381958,2025-06-30
신월4동,서울특별시 양천구 오목로3길 32,서울특별시 양천구 신월동 422-7,37.523687,126.8386791,2025-06-30
신월4동,서울특별시 양천구 오목로3길 32,서울특별시 양천구 신월동 422-7,37.523687,126.8386791,2025-06-30
신월4동,서울특별시 양천구 월정로7길 10,서울특별시 양천구 신월동 425-5,37.5240104,126.8402427,2025-06-30
신월4동,서울특별시 양천구 월정로9길 11-2,서울특별시 양천구 신월동 425-7,37.5250019,126.8396348,2025-06-30
신월4동,서울특별시 양천구 월정로 63,서울특별시 양천구 신월동 427-17,37.5261003,126.8407882,2025-06-30
신월4동,서울특별시 양천구 오목로3길 16,서울특별시 양천구 신월동 433-6,37.523687,126.8386791,2025-06-30
신월4동,서울특별시 양천구 오목로3길 12,서울특별시 양천구 신월동 433-8,37.523687,126.8386791,2025-06-30
신월4동,서울특별시 양천구 오목로3길 16-1,서울특별시 양천구 신월동 433-9,37.523687,126.8386791,2025-06-30
신월4동,서울특별시 양천구 오목로1길 17-1,서울특별시 양천구 신월동 437-3,37.5234115,126.8370983,2025-06-30
신월4동,서울특별시 양천구 오목로3길 5-7,서울특별시 양천구 신월동 439-15,37.523687,126.8386791,2025-06-30
신월4동,서울특별시 양천구 오목로3길 5-11,서울특별시 양천구 신월동 439-19,37.523687,126.8386791,2025-06-30
신월4동,서울특별시 양천구 오목로3길 3,서울특별시 양천구 신월동 439-25,37.523687,126.8386791,2025-06-30
신월4동,서울특별시 양천구 오목로3길 5-2,서울특별시 양천구 신월동 440-15,37.523687,126.8386791,2025-06-30
신월4동,서울특별시 양천구 오목로3길 5,서울특별시 양천구 신월동 440-9,37.523687,126.8386791,2025-06-30
신월4동,서울특별시 양천구 월정로 21,서울특별시 양천구 신월동 514-3,37.5261003,126.8407882,2025-06-30
신월4동,서울특별시 양천구 오목로4길 25,서울특별시 양천구 신월동 516-6,37.5209183,126.8417228,2025-06-30
신월4동,서울특별시 양천구 오목로 34-1,서울특별시 양천구 신월동 518-7,37.5242619,126.8772058,2025-06-30
신월4동,서울특별시 양천구 오목로4길 11,서울특별시 양천구 신월동 519-11,37.5209183,126.8417228,2025-06-30
신월4동,서울특별시 양천구 오목로4길 5,서울특별시 양천구 신월동 519-12,37.5209183,126.8417228,2025-06-30
신월4동,서울특별시 양천구 오목로 28-16,서울특별시 양천구 신월동 519-3,37.5242619,126.8772058,2025-06-30
신월4동,서울특별시 양천구 신월로11길 40-1,서울특별시 양천구 신월동 520-18,37.5183069,126.8410201,2025-06-30
신월4동,서울특별시 양천구 오목로 20,서울특별시 양천구 신월동 520-8,37.5242619,126.8772058,2025-06-30
신월4동,서울특별시 양천구 남부순환로73길 15-9,서울특별시 양천구 신월동 522-2,37.5201503,126.8399091,2025-06-30
신월4동,서울특별시 양천구 남부순환로73길 15-1,서울특별시 양천구 신월동 522-5,37.5201503,126.8399091,2025-06-30
신월4동,서울특별시 양천구 남부순환로73길 7,서울특별시 양천구 신월동 523-13,37.5201503,126.8399091,2025-06-30
신월4동,서울특별시 양천구 남부순환로73길 11,서울특별시 양천구 신월동 523-15,37.5201503,126.8399091,2025-06-30
신월4동,서울특별시 양천구 신월로9길 15,서울특별시 양천구 신월동 525-8,37.5192477,126.8393788,2025-06-30
신월4동,서울특별시 양천구 신월로9길 15,서울특별시 양천구 신월동 525-8,37.5192477,126.8393788,2025-06-30
신월4동,서울특별시 양천구 신월로9길 24,서울특별시 양천구 신월동 526-11,37.5192477,126.8393788,2025-06-30
신월4동,서울특별시 양천구 신월로11길 27,서울특별시 양천구 신월동 526-5,37.5183069,126.8410201,2025-06-30
신월4동,서울특별시 양천구 남부순환로75길 5,서울특별시 양천구 신월동 527-4,37.5196783,126.8415197,2025-06-30
신월4동,서울특별시 양천구 신월로15길 20,서울특별시 양천구 신월동 530-15,37.5196321,126.841722,2025-06-30
신월4동,서울특별시 양천구 신월로15길 22,서울특별시 양천구 신월동 530-8,37.5196321,126.841722,2025-06-30
신월4동,서울특별시 양천구 신월로19길 7,서울특별시 양천구 신월동 532-14,37.5203227,126.8435418,2025-06-30
신월4동,서울특별시 양천구 신월로19길 9,서울특별시 양천구 신월동 532-5,37.5203227,126.8435418,2025-06-30
신월4동,서울특별시 양천구 월정로 11,서울특별시 양천구 신월동 534-3,37.5211541,126.8437316,2025-06-30
신월4동,서울특별시 양천구 신월로13길 16,서울특별시 양천구 신월동 538-1,37.5187887,126.8414246,2025-06-30
신월4동,서울특별시 양천구 신월로15길 13,서울특별시 양천구 신월동 538-2,37.5196321,126.841722,2025-06-30
신월4동,서울특별시 양천구 신월로13길 12,서울특별시 양천구 신월동 538-5,37.5187887,126.8414246,2025-06-30
신월4동,서울특별시 양천구 신월로11길 14,서울특별시 양천구 신월동 540-5,37.5183069,126.8410201,2025-06-30
신월4동,서울특별시 양천구 신월로9길 20,서울특별시 양천구 신월동 541-1,37.5192477,126.8393788,2025-06-30
신월4동,서울특별시 양천구 신월로9길 12,서울특별시 양천구 신월동 546-26,37.5192477,126.8393788,2025-06-30
신월4동,,서울특별시 양천구 신월동 639,37.52782,126.83692,2025-06-30
신월5동,서울특별시 양천구 남부순환로29길 45,서울특별시 양천구 신월동  17-5,37.5401976,126.8307065,2025-06-30
신월5동,서울특별시 양천구 월정로46길 8,서울특별시 양천구 신월동  22-14,37.5406253,126.8326755,2025-06-30
신월5동,서울특별시 양천구 월정로46길 10,서울특별시 양천구 신월동  22-17,37.5406864,126.833113,2025-06-30
신월5동,서울특별시 양천구 남부순환로31길 9,서울특별시 양천구 신월동  54-3,37.5388878,126.8296674,2025-06-30
신월5동,서울특별시 양천구 남부순환로31길 30,서울특별시 양천구 신월동  58-8,37.5388878,126.8296674,2025-06-30
신월5동,서울특별시 양천구 남부순환로33길 37,서울특별시 양천구 신월동  61-9,37.5382632,126.8302061,2025-06-30
신월5동,서울특별시 양천구 월정로38길 4-2,서울특별시 양천구 신월동  68-2,37.5389937,126.8336205,2025-06-30
신월5동,서울특별시 양천구 가로공원로69길 7,서울특별시 양천구 신월동  71-8,37.5373833,126.8325588,2025-06-30
신월5동,서울특별시 양천구 가로공원로67길 16,서울특별시 양천구 신월동  74-4,37.5373219,126.8305344,2025-06-30
신월5동,서울특별시 양천구 화곡로10길 26,서울특별시 양천구 신월동  75-15,37.5382344,126.8311332,2025-06-30
신월5동,서울특별시 양천구 가로공원로67길 6,서울특별시 양천구 신월동  75-20,37.5373219,126.8305344,2025-06-30
신월5동,서울특별시 양천구 남부순환로33길 10,서울특별시 양천구 신월동  79-2,37.5382632,126.8302061,2025-06-30
신월5동,서울특별시 양천구 가로공원로 149-1,서울특별시 양천구 신월동  84-8,37.5366405,126.8326876,2025-06-30
신월5동,서울특별시 양천구 화곡로3길 40,서울특별시 양천구 신월동 10-1,37.5428026,126.8279678,2025-06-30
신월5동,서울특별시 양천구 남부순환로27길 9-8,서울특별시 양천구 신월동 12-9,37.5409238,126.826851,2025-06-30
신월5동,서울특별시 양천구 화곡로3길 20-3,서울특별시 양천구 신월동 13-14,37.5411819,126.8275538,2025-06-30
신월5동,서울특별시 양천구 화곡로5길 19,서울특별시 양천구 신월동 13-2,37.5412822,126.8284083,2025-06-30
신월5동,서울특별시 양천구 화곡로5길 11,서울특별시 양천구 신월동 16-10,37.5405095,126.8280552,2025-06-30
신월5동,서울특별시 양천구 남부순환로29길 19,서울특별시 양천구 신월동 16-13,37.5401121,126.827969,2025-06-30
신월5동,서울특별시 양천구 월정로 259-8,서울특별시 양천구 신월동 17-4,37.5405417,126.8306781,2025-06-30
신월5동,서울특별시 양천구 월정로50길 16-2,서울특별시 양천구 신월동 18-11,37.5415713,126.8316698,2025-06-30
신월5동,서울특별시 양천구 월정로48길 6,서울특별시 양천구 신월동 20-2,37.5411302,126.8316085,2025-06-30
신월5동,서울특별시 양천구 남부순환로 293,서울특별시 양천구 신월동 29-1,37.5403656,126.8256901,2025-06-30
신월5동,서울특별시 양천구 남부순환로27길 12-1,서울특별시 양천구 신월동 29-16,37.540357,126.8265889,2025-06-30
신월5동,서울특별시 양천구 남부순환로33길 17,서울특별시 양천구 신월동 57-5,37.5382632,126.8302061,2025-06-30
신월5동,서울특별시 양천구 월정로 314,서울특별시 양천구 신월동 6-1,37.5448623,126.8290902,2025-06-30
신월5동,서울특별시 양천구 화곡로14길 6,서울특별시 양천구 신월동 66-1,37.5384807,126.8346585,2025-06-30
신월5동,서울특별시 양천구 월정로40길 10,서울특별시 양천구 신월동 66-9,37.539026,126.8340126,2025-06-30
신월5동,서울특별시 양천구 화곡로12길 23-1,서울특별시 양천구 신월동 72-13,37.538234,126.8317425,2025-06-30
신월5동,서울특별시 양천구 화곡로12길 15-1,서울특별시 양천구 신월동 72-18,37.538234,126.8317425,2025-06-30
신월5동,서울특별시 양천구 화곡로4길 29-12,서울특별시 양천구 신월동 80-2,37.5377432,126.828015,2025-06-30
신월5동,서울특별시 양천구 가로공원로69길 22,서울특별시 양천구 신월동 85-19,37.5373833,126.8325588,2025-06-30
신월5동,서울특별시 양천구 월정로36길 8,서울특별시 양천구 신월동 88-5,37.538558,126.8346548,2025-06-30
신월5동,서울특별시 양천구 화곡로3가길 7-14,서울특별시 양천구 신월동 9-21,37.5423515,126.8284045,2025-06-30
신월5동,서울특별시 양천구 남부순환로31길 13-1,서울특별시 양천구 신월동 54-14,37.5388878,126.8296674,2025-06-30
신월5동,서울특별시 양천구 화곡로10길 11,서울특별시 양천구 신월동 61-6,37.5382344,126.8311332,2025-06-30
신월5동,서울특별시 양천구 화곡로8길 23,서울특별시 양천구 신월동 76-17,37.5380946,126.829561,2025-06-30
신월5동,서울특별시 양천구 월정로50길 16-5,서울특별시 양천구 신월동 19-28,37.5415495,126.8320243,2025-06-30
신월5동,서울특별시 양천구 화곡로3가길 9,서울특별시 양천구 신월동 9-27,37.5417139,126.8285134,2025-06-30
신월5동,서울특별시 양천구 남부순환로27길 9-20,서울특별시 양천구 신월동 12-14,37.541475,126.8270556,2025-06-30
신월6동,서울특별시 양천구 남부순환로80길 21-1,서울특별시 양천구 신월동 1005-6,37.5160598,126.838097,2025-06-30
신월6동,서울특별시 양천구 남부순환로82길 14,서울특별시 양천구 신월동 1006-12,37.5155406,126.8377461,2025-06-30
신월6동,서울특별시 양천구 남부순환로80길 13,서울특별시 양천구 신월동 1006-2,37.5160598,126.838097,2025-06-30
신월6동,서울특별시 양천구 남부순환로82길 10,서울특별시 양천구 신월동 1006-22,37.5155406,126.8377461,2025-06-30
신월6동,서울특별시 양천구 남부순환로80길 17,서울특별시 양천구 신월동 1006-8,37.5160598,126.838097,2025-06-30
신월6동,서울특별시 양천구 남부순환로82길 21,서울특별시 양천구 신월동 1011-4,37.5155406,126.8377461,2025-06-30
신월6동,서울특별시 양천구 남부순환로82길 9-1,서울특별시 양천구 신월동 1013-1,37.5155406,126.8377461,2025-06-30
신월6동,서울특별시 양천구 남부순환로82길 5-3,서울특별시 양천구 신월동 1014-15,37.5155406,126.8377461,2025-06-30
신월6동,서울특별시 양천구 남부순환로86길 6,서울특별시 양천구 신월동 1015-10,37.5131592,126.839857,2025-06-30
신월6동,서울특별시 양천구 남부순환로 614,서울특별시 양천구 신월동 1015-7,37.5190415,126.8386508,2025-06-30
신월6동,서울특별시 양천구 남부순환로79길 1,서울특별시 양천구 신월동 548-4,37.5179421,126.8430819,2025-06-30
신월7동,서울특별시 양천구 지양로17길 5,서울특별시 양천구 신월동 331-107,37.5222376,126.8275852,2025-06-30
신월7동,서울특별시 양천구 지양로 149,서울특별시 양천구 신월동 331-111,37.5207799,126.834536,2025-06-30
신월7동,서울특별시 양천구 지양로17길 26,서울특별시 양천구 신월동 331-45,37.5222376,126.8275852,2025-06-30
신월7동,서울특별시 양천구 지양로 175,서울특별시 양천구 신월동 331-66,37.5207799,126.834536,2025-06-30
신월7동,서울특별시 양천구 지양로15길 13,서울특별시 양천구 신월동 911-10,37.5229185,126.83058,2025-06-30
신월7동,서울특별시 양천구 지양로13길 16-1,서울특별시 양천구 신월동 911-12,37.5225568,126.8307266,2025-06-30
신월7동,서울특별시 양천구 지양로13길 24,서울특별시 양천구 신월동 911-19,37.5225568,126.8307266,2025-06-30
신월7동,서울특별시 양천구 지양로15길 1,서울특별시 양천구 신월동 912-13,37.522808,126.8297,2025-06-30
신월7동,서울특별시 양천구 지양로13길 14,서울특별시 양천구 신월동 912-3,37.5225568,126.8307266,2025-06-30
신월7동,서울특별시 양천구 지양로15길 9,서울특별시 양천구 신월동 912-6,37.5229185,126.83058,2025-06-30
신월7동,서울특별시 양천구 지양로15길 7,서울특별시 양천구 신월동 912-7,37.5229185,126.83058,2025-06-30
신월7동,서울특별시 양천구 지양로14길 5-6,서울특별시 양천구 신월동 914-1,37.523675,126.8329465,2025-06-30
신월7동,서울특별시 양천구 지양로14길 5-12,서울특별시 양천구 신월동 914-4,37.523675,126.8329465,2025-06-30
신월7동,서울특별시 양천구 지양로16길 8,서울특별시 양천구 신월동 914-6,37.5229382,126.8350275,2025-06-30
신월7동,서울특별시 양천구 지양로14길 9,서울특별시 양천구 신월동 915-9,37.523675,126.8329465,2025-06-30
신월7동,서울특별시 양천구 지양로16길 3,서울특별시 양천구 신월동 916-1,37.5229382,126.8350275,2025-06-30
신월7동,서울특별시 양천구 지양로16길 13-1,서울특별시 양천구 신월동 916-5,37.5229382,126.8350275,2025-06-30
신월7동,서울특별시 양천구 지양로16길 15,서울특별시 양천구 신월동 916-6,37.5229382,126.8350275,2025-06-30
신월7동,서울특별시 양천구 지양로10길 7-6,서울특별시 양천구 신월동 923-10,37.5233946,126.8340054,2025-06-30
신월7동,서울특별시 양천구 지양로10길 17-15,서울특별시 양천구 신월동 924-5,37.5233946,126.8340054,2025-06-30
신월7동,서울특별시 양천구 지양로16길 26-1,서울특별시 양천구 신월동 925-10,37.5229382,126.8350275,2025-06-30
신월7동,서울특별시 양천구 지양로16길 34,서울특별시 양천구 신월동 925-28,37.5229382,126.8350275,2025-06-30
신월7동,서울특별시 양천구 지양로16길 29-1,서울특별시 양천구 신월동 926-5,37.5229382,126.8350275,2025-06-30
신월7동,서울특별시 양천구 지양로10길 20-1,서울특별시 양천구 신월동 927-13,37.5233946,126.8340054,2025-06-30
신월7동,서울특별시 양천구 지양로10길 14,서울특별시 양천구 신월동 927-2,37.5233946,126.8340054,2025-06-30
신월7동,서울특별시 양천구 지양로10길 16-1,서울특별시 양천구 신월동 927-8,37.5233946,126.8340054,2025-06-30
신월7동,서울특별시 양천구 지양로11길 20,서울특별시 양천구 신월동 944-11,37.5217993,126.8320548,2025-06-30
신월7동,서울특별시 양천구 지양로7길 28-2,서울특별시 양천구 신월동 947-1,37.5212385,126.832689,2025-06-30
신월7동,서울특별시 양천구 지양로7길 24-17,서울특별시 양천구 신월동 947-15,37.5212385,126.832689,2025-06-30
신월7동,서울특별시 양천구 지양로7길 28-8,서울특별시 양천구 신월동 947-18,37.5212385,126.832689,2025-06-30
신월7동,서울특별시 양천구 지양로7길 28-14,서울특별시 양천구 신월동 947-19,37.5212385,126.832689,2025-06-30
신월7동,서울특별시 양천구 지양로7길 25,서울특별시 양천구 신월동 955-12,37.5212385,126.832689,2025-06-30
신월7동,서울특별시 양천구 지양로7길 27-10,서울특별시 양천구 신월동 957-2,37.5212385,126.832689,2025-06-30
신월7동,서울특별시 양천구 지양로7길 37-1,서울특별시 양천구 신월동 957-20,37.5212385,126.832689,2025-06-30
신월7동,서울특별시 양천구 지양로7길 35,서울특별시 양천구 신월동 957-7,37.5212385,126.832689,2025-06-30
신월7동,서울특별시 양천구 지양로7길 31,서울특별시 양천구 신월동 957-9,37.5212385,126.832689,2025-06-30
신월7동,서울특별시 양천구 남부순환로70길 16-7,서울특별시 양천구 신월동 962-14,37.5211195,126.8348685,2025-06-30
신월7동,서울특별시 양천구 남부순환로70길 6,서울특별시 양천구 신월동 965-10,37.5211195,126.8348685,2025-06-30
신월7동,서울특별시 양천구 남부순환로70길 8-10,서울특별시 양천구 신월동 965-11,37.5211195,126.8348685,2025-06-30
신월7동,서울특별시 양천구 지양로16길 52,서울특별시 양천구 신월동 965-8,37.5229382,126.8350275,2025-06-30
신월7동,서울특별시 양천구 남부순환로 508,서울특별시 양천구 신월동 966-21,37.5190415,126.8386508,2025-06-30
신월7동,서울특별시 양천구 남부순환로 502,서울특별시 양천구 신월동 966-6,37.5190415,126.8386508,2025-06-30
신월7동,서울특별시 양천구 지양로16길 46-6,서울특별시 양천구 신월동 967-14,37.5229382,126.8350275,2025-06-30
신월7동,서울특별시 양천구 남부순환로70길 19-22,서울특별시 양천구 신월동 972-11,37.5211195,126.8348685,2025-06-30
신월7동,서울특별시 양천구 남부순환로70길 17-9,서울특별시 양천구 신월동 974-16,37.5211195,126.8348685,2025-06-30
신월7동,서울특별시 양천구 남부순환로70길 11-3,서울특별시 양천구 신월동 975-8,37.5211195,126.8348685,2025-06-30
신월7동,서울특별시 양천구 신월로7길 2,서울특별시 양천구 신월동 981-5,37.5171084,126.8369065,2025-06-30
신월7동,서울특별시 양천구 신월로5길 28,서울특별시 양천구 신월동 981-8,37.5167528,126.8365194,2025-06-30
신월7동,서울특별시 양천구 신월로5길 14-1,서울특별시 양천구 신월동 982-10,37.5167528,126.8365194,2025-06-30
신월7동,서울특별시 양천구 신월로5길 10,서울특별시 양천구 신월동 982-15,37.5167528,126.8365194,2025-06-30
신월7동,서울특별시 양천구 신월로5길 4,서울특별시 양천구 신월동 982-7,37.5167528,126.8365194,2025-06-30
신월7동,서울특별시 양천구 신월로7길 16,서울특별시 양천구 신월동 984-2,37.5171084,126.8369065,2025-06-30
신월7동,서울특별시 양천구 지양로2길 11,서울특별시 양천구 신월동 993-14,37.5187492,126.8378271,2025-06-30
신월7동,서울특별시 양천구 남부순환로74길 9,서울특별시 양천구 신월동 995-3,37.5195242,126.8374945,2025-06-30
신정1동,서울특별시 양천구 신월로 372-1,서울특별시 양천구 신정동 1014-4,37.5211007,126.8447742,2025-06-30
신정1동,서울특별시 양천구 신월로38길 7,서울특별시 양천구 신정동 1016-23,37.5211916,126.8611943,2025-06-30
신정1동,서울특별시 양천구 신월로38길 10,서울특별시 양천구 신정동 1019-19,37.5211916,126.8611943,2025-06-30
신정1동,서울특별시 양천구 은행정로6길 8,서울특별시 양천구 신정동 1019-6,37.5214704,126.8610452,2025-06-30
신정1동,서울특별시 양천구 중앙로32길 65,서울특별시 양천구 신정동 1021-8,37.5203881,126.8614435,2025-06-30
신정1동,서울특별시 양천구 중앙로36길 45,서울특별시 양천구 신정동 1023-17,37.5196349,126.8562705,2025-06-30
신정1동,서울특별시 양천구 은행정로 9,서울특별시 양천구 신정동 1024-22,37.5233368,126.8594431,2025-06-30
신정1동,서울특별시 양천구 신월로36길 15,서울특별시 양천구 신정동 1024-40,37.5205625,126.8584932,2025-06-30
신정1동,서울특별시 양천구 신월로36길 7,서울특별시 양천구 신정동 1025-28,37.5205625,126.8584932,2025-06-30
신정1동,서울특별시 양천구 은행정로5길 24-1,서울특별시 양천구 신정동 1027-30,37.5209985,126.8567161,2025-06-30
신정1동,서울특별시 양천구 중앙로 248,서울특별시 양천구 신정동 1032-14,37.5252594,126.8502881,2025-06-30
신정1동,서울특별시 양천구 중앙로36길 30,서울특별시 양천구 신정동 1048-1,37.5196349,126.8562705,2025-06-30
신정1동,서울특별시 양천구 중앙로36길 42,서울특별시 양천구 신정동 1048-19,37.5196349,126.8562705,2025-06-30
신정1동,서울특별시 양천구 중앙로36길 20-1,서울특별시 양천구 신정동 1049-8,37.5196349,126.8562705,2025-06-30
신정1동,서울특별시 양천구 중앙로34가길 13,서울특별시 양천구 신정동 1050-14,37.5189854,126.8549445,2025-06-30
신정1동,서울특별시 양천구 중앙로34가길 1,서울특별시 양천구 신정동 1050-32,37.5189854,126.8549445,2025-06-30
신정1동,서울특별시 양천구 중앙로36길 8-1,서울특별시 양천구 신정동 1050-4,37.5196349,126.8562705,2025-06-30
신정1동,서울특별시 양천구 중앙로36길 10,서울특별시 양천구 신정동 1050-6,37.5196349,126.8562705,2025-06-30
신정1동,서울특별시 양천구 중앙로 218,서울특별시 양천구 신정동 1052-11,37.5252594,126.8502881,2025-06-30
신정1동,서울특별시 양천구 중앙로 228,서울특별시 양천구 신정동 1052-11,37.5252594,126.8502881,2025-06-30
신정1동,서울특별시 양천구 중앙로 222-7,서울특별시 양천구 신정동 1052-22,37.5252594,126.8502881,2025-06-30
신정1동,서울특별시 양천구 중앙로36길 15,서울특별시 양천구 신정동 1323,37.5196349,126.8562705,2025-06-30
신정2동,서울특별시 양천구 신목로14길 9,서울특별시 양천구 신정동 118-5,37.5213122,126.8755724,2025-06-30
신정2동,서울특별시 양천구 신목로12길 11,서울특별시 양천구 신정동 120-75,37.5203856,126.8750523,2025-06-30
신정2동,서울특별시 양천구 신목로2길 21-1,서울특별시 양천구 신정동 127-62,37.5232959,126.877188,2025-06-30
신정2동,서울특별시 양천구 신목로2길 17,서울특별시 양천구 신정동 127-71,37.5232959,126.877188,2025-06-30
신정2동,서울특별시 양천구 신목로2길 17,서울특별시 양천구 신정동 127-71,37.5232959,126.877188,2025-06-30
신정2동,서울특별시 양천구 신목로6길 10,서울특별시 양천구 신정동 128-44,37.5190376,126.8740846,2025-06-30
신정2동,서울특별시 양천구 신목로6길 6-13,서울특별시 양천구 신정동 128-98,37.5207012,126.8747192,2025-06-30
신정2동,서울특별시 양천구 신목로2길 7-6,서울특별시 양천구 신정동 129-13,37.5200407,126.8765935,2025-06-30
신정2동,서울특별시 양천구 신목로4길 10,서울특별시 양천구 신정동 129-4,37.5200824,126.8757109,2025-06-30
신정2동,서울특별시 양천구 신목로2길 7,서울특별시 양천구 신정동 130-1,37.5220589,126.8766706,2025-06-30
신정2동,서울특별시 양천구 신목로2길 7-12,서울특별시 양천구 신정동 1328,37.5232959,126.877188,2025-06-30
신정2동,서울특별시 양천구 목동동로10길 16-7,서울특별시 양천구 신정동 144-7,37.5184893,126.8700816,2025-06-30
신정2동,서울특별시 양천구 신목로5길 23-5,서울특별시 양천구 신정동 281-10,37.5177962,126.8725211,2025-06-30
신정2동,서울특별시 양천구 목동동로8길 31-8,서울특별시 양천구 신정동 282-53,37.516243,126.8721325,2025-06-30
신정2동,서울특별시 양천구 신목로5길 26,서울특별시 양천구 신정동 294-60,37.5177962,126.8725211,2025-06-30
신정2동,서울특별시 양천구 목동동로10길 12-5,서울특별시 양천구 신정동 294-84,37.5184893,126.8700816,2025-06-30
신정2동,서울특별시 양천구 신목로5길 16,서울특별시 양천구 신정동 294-92,37.5177962,126.8725211,2025-06-30
신정2동,서울특별시 양천구 신목로 58-12,서울특별시 양천구 신정동 296-119,37.5171388,126.8751907,2025-06-30
신정2동,서울특별시 양천구 신목로 77,서울특별시 양천구 신정동 87-39,37.5171388,126.8751907,2025-06-30
신정2동,서울특별시 양천구 신목로 58-9,서울특별시 양천구 신정동 89-106,37.5171388,126.8751907,2025-06-30
신정2동,서울특별시 양천구 신목로 58-17,서울특별시 양천구 신정동 89-127,37.5171388,126.8751907,2025-06-30
신정2동,서울특별시 양천구 신목로12길 4,서울특별시 양천구 신정동 89-194,37.5203856,126.8750523,2025-06-30
신정2동,서울특별시 양천구 신목로12길 10-1,서울특별시 양천구 신정동 89-3,37.5203856,126.8750523,2025-06-30
신정3동,서울특별시 양천구 중앙로23길 16,서울특별시 양천구 신정동 1147-2,37.5160873,126.8539136,2025-06-30
신정3동,서울특별시 양천구 중앙로25길 21,서울특별시 양천구 신정동 1152-9,37.5154814,126.8503444,2025-06-30
신정3동,서울특별시 양천구 중앙로25길 28,서울특별시 양천구 신정동 1155-18,37.5154814,126.8503444,2025-06-30
신정3동,서울특별시 양천구 중앙로25길 28,서울특별시 양천구 신정동 1155-18,37.5154814,126.8503444,2025-06-30
신정3동,서울특별시 양천구 중앙로25길 40,서울특별시 양천구 신정동 1156-3,37.5154814,126.8503444,2025-06-30
신정3동,서울특별시 양천구 중앙로29길 43,서울특별시 양천구 신정동 1157-28,37.5214012,126.8477377,2025-06-30
신정3동,서울특별시 양천구 중앙로25길 48,서울특별시 양천구 신정동 1157-7,37.5154814,126.8503444,2025-06-30
신정3동,서울특별시 양천구 중앙로25길 48,서울특별시 양천구 신정동 1157-7,37.5154814,126.8503444,2025-06-30
신정3동,서울특별시 양천구 중앙로29길 41,서울특별시 양천구 신정동 1158-1,37.5214012,126.8477377,2025-06-30
신정3동,서울특별시 양천구 중앙로25길 38-7,서울특별시 양천구 신정동 1158-4,37.5154814,126.8503444,2025-06-30
신정3동,서울특별시 양천구 중앙로29길 34,서울특별시 양천구 신정동 1159-16,37.5214012,126.8477377,2025-06-30
신정3동,서울특별시 양천구 중앙로29가길 7-1,서울특별시 양천구 신정동 1160-10,37.5170996,126.85032,2025-06-30
신정3동,서울특별시 양천구 중앙로29길 54,서울특별시 양천구 신정동 1160-36,37.5214012,126.8477377,2025-06-30
신정3동,서울특별시 양천구 중앙로47길 53,서울특별시 양천구 신정동 1160-38,37.519407,126.8507924,2025-06-30
신정3동,서울특별시 양천구 중앙로47길 51,서울특별시 양천구 신정동 1160-48,37.519407,126.8507924,2025-06-30
신정3동,서울특별시 양천구 중앙로29가길 17,서울특별시 양천구 신정동 1161-4,37.5170996,126.85032,2025-06-30
신정3동,서울특별시 양천구 신월로 264,서울특별시 양천구 신정동 1192-3,37.5136889,126.8273543,2025-06-30
신정3동,서울특별시 양천구 중앙로45길 22-15,서울특별시 양천구 신정동 1192-5,37.5204479,126.8518622,2025-06-30
신정3동,서울특별시 양천구 중앙로45길 28-7,서울특별시 양천구 신정동 1193-24,37.5204479,126.8518622,2025-06-30
신정3동,서울특별시 양천구 신월로 228,서울특별시 양천구 신정동 1194-1,37.5211007,126.8447742,2025-06-30
신정3동,서울특별시 양천구 중앙로29길 108-15,서울특별시 양천구 신정동 1195,37.5214012,126.8477377,2025-06-30
신정3동,서울특별시 양천구 중앙로29길 120-24,서울특별시 양천구 신정동 1196-10,37.5214012,126.8477377,2025-06-30
신정3동,서울특별시 양천구 중앙로29길 120-10,서울특별시 양천구 신정동 1196-2,37.5214012,126.8477377,2025-06-30
신정3동,서울특별시 양천구 중앙로45길 37,서울특별시 양천구 신정동 1197-1,37.5204479,126.8518622,2025-06-30
신정3동,서울특별시 양천구 중앙로45길 31-17,서울특별시 양천구 신정동 1198-2,37.5204479,126.8518622,2025-06-30
신정3동,서울특별시 양천구 중앙로45길 27-17,서울특별시 양천구 신정동 1199-7,37.5204479,126.8518622,2025-06-30
신정3동,서울특별시 양천구 중앙로47길 28,서울특별시 양천구 신정동 1207-8,37.519407,126.8507924,2025-06-30
신정3동,서울특별시 양천구 중앙로29길 90,서울특별시 양천구 신정동 1215-7,37.5214012,126.8477377,2025-06-30
신정3동,서울특별시 양천구 중앙로29길 82,서울특별시 양천구 신정동 1216-6,37.5214012,126.8477377,2025-06-30
신정3동,서울특별시 양천구 중앙로47길 46,서울특별시 양천구 신정동 1220-7,37.519407,126.8507924,2025-06-30
신정3동,서울특별시 양천구 남부순환로 645,서울특별시 양천구 신정동 733-53,37.5327968,126.8304943,2025-06-30
신정4동,서울특별시 양천구 목동로17길 20,서울특별시 양천구 신정동 1000-18,37.5243726,126.8616503,2025-06-30
신정4동,서울특별시 양천구 목동로17길 28,서울특별시 양천구 신정동 1000-5,37.5243726,126.8616503,2025-06-30
신정4동,서울특별시 양천구 오목로46길 23,서울특별시 양천구 신정동 1002-18,37.5239818,126.8618811,2025-06-30
신정4동,서울특별시 양천구 오목로46길 23,서울특별시 양천구 신정동 1002-18,37.5239818,126.8618811,2025-06-30
신정4동,서울특별시 양천구 오목로48길 22,서울특별시 양천구 신정동 1002-7,37.5241266,126.8631147,2025-06-30
신정4동,서울특별시 양천구 목동로11길 24,서울특별시 양천구 신정동 1003-12,37.5231935,126.8623166,2025-06-30
신정4동,서울특별시 양천구 오목로46길 27,서울특별시 양천구 신정동 1003-16,37.5239818,126.8618811,2025-06-30
신정4동,서울특별시 양천구 목동로13길 9,서울특별시 양천구 신정동 1003-6,37.5236457,126.8631095,2025-06-30
신정4동,서울특별시 양천구 목동로11길 20,서울특별시 양천구 신정동 1003-9,37.5231935,126.8623166,2025-06-30
신정4동,서울특별시 양천구 목동로11길 14-1,서울특별시 양천구 신정동 1004-12,37.5231935,126.8623166,2025-06-30
신정4동,서울특별시 양천구 목동로9길 7,서울특별시 양천구 신정동 1009-3,37.5227225,126.8620537,2025-06-30
신정4동,서울특별시 양천구 목동로9길 21,서울특별시 양천구 신정동 1010-1,37.5227225,126.8620537,2025-06-30
신정4동,서울특별시 양천구 신정중앙로 13,서울특별시 양천구 신정동 872-8,37.5271075,126.857973,2025-06-30
신정4동,서울특별시 양천구 신정중앙로15길 5-11,서울특별시 양천구 신정동 874-1,37.5280095,126.8557843,2025-06-30
신정4동,서울특별시 양천구 신정중앙로15길 6-4,서울특별시 양천구 신정동 875-10,37.5280095,126.8557843,2025-06-30
신정4동,서울특별시 양천구 신정중앙로15길 6,서울특별시 양천구 신정동 875-12,37.5280095,126.8557843,2025-06-30
신정4동,서울특별시 양천구 은행정로19가길 13,서울특별시 양천구 신정동 876-3,37.5282866,126.8571808,2025-06-30
신정4동,서울특별시 양천구 신정중앙로 41,서울특별시 양천구 신정동 877-12,37.5271075,126.857973,2025-06-30
신정4동,서울특별시 양천구 은행정로19길 17,서울특별시 양천구 신정동 877-4,37.5278678,126.8572771,2025-06-30
신정4동,서울특별시 양천구 신정중앙로 55,서울특별시 양천구 신정동 878-16,37.5271075,126.857973,2025-06-30
신정4동,서울특별시 양천구 신정중앙로 53,서울특별시 양천구 신정동 878-23,37.5271075,126.857973,2025-06-30
신정4동,서울특별시 양천구 은행정로19길 1,서울특별시 양천구 신정동 879-18,37.5278678,126.8572771,2025-06-30
신정4동,서울특별시 양천구 국회대로 210,서울특별시 양천구 신정동 880-4,37.5288146,126.8564485,2025-06-30
신정4동,서울특별시 양천구 은행정로20길 5-17,서울특별시 양천구 신정동 881-18,37.5281615,126.8597896,2025-06-30
신정4동,서울특별시 양천구 목동로23길 31,서울특별시 양천구 신정동 884-7,37.5275397,126.8612584,2025-06-30
신정4동,서울특별시 양천구 신정중앙로17길 3,서울특별시 양천구 신정동 885-30,37.5279439,126.8601164,2025-06-30
신정4동,서울특별시 양천구 목동로23길 12,서울특별시 양천구 신정동 890-29,37.5275397,126.8612584,2025-06-30
신정4동,서울특별시 양천구 목동로23길 14-1,서울특별시 양천구 신정동 890-4,37.5275397,126.8612584,2025-06-30
신정4동,서울특별시 양천구 신정중앙로17길 16,서울특별시 양천구 신정동 892-5,37.5279439,126.8601164,2025-06-30
신정4동,서울특별시 양천구 목동로25길 34,서울특별시 양천구 신정동 894-1,37.5280199,126.8620608,2025-06-30
신정4동,서울특별시 양천구 목동로29길 15,서울특별시 양천구 신정동 894-13,37.5288768,126.8620177,2025-06-30
신정4동,서울특별시 양천구 국회대로8길 8,서울특별시 양천구 신정동 894-20,37.5286249,126.8620802,2025-06-30
신정4동,서울특별시 양천구 목동로29길 1,서울특별시 양천구 신정동 896-7,37.5288768,126.8620177,2025-06-30
신정4동,서울특별시 양천구 국회대로 246,서울특별시 양천구 신정동 897-1,37.5288146,126.8564485,2025-06-30
신정4동,서울특별시 양천구 국회대로10길 2,서울특별시 양천구 신정동 897-7,37.5279272,126.8634235,2025-06-30
신정4동,서울특별시 양천구 은행정로18길 16-1,서울특별시 양천구 신정동 903-9,37.5263259,126.8602017,2025-06-30
신정4동,서울특별시 양천구 오목로 203-2,서울특별시 양천구 신정동 907-9,37.5242619,126.8772058,2025-06-30
신정4동,서울특별시 양천구 중앙로52길 74-1,서울특별시 양천구 신정동 909-12,37.5258267,126.8546213,2025-06-30
신정4동,서울특별시 양천구 오목로41길 8,서울특별시 양천구 신정동 909-29,37.5257532,126.8575668,2025-06-30
신정4동,서울특별시 양천구 중앙로52길 72-1,서울특별시 양천구 신정동 909-9,37.5258267,126.8546213,2025-06-30
신정4동,서울특별시 양천구 은행정로17길 7,서울특별시 양천구 신정동 910-8,37.5271401,126.8544376,2025-06-30
신정4동,서울특별시 양천구 신정중앙로 60,서울특별시 양천구 신정동 911-6,37.5271075,126.857973,2025-06-30
신정4동,서울특별시 양천구 은행정로 75,서울특별시 양천구 신정동 911-8,37.5233368,126.8594431,2025-06-30
신정4동,서울특별시 양천구 신정중앙로 46,서울특별시 양천구 신정동 912-4,37.5271075,126.857973,2025-06-30
신정4동,서울특별시 양천구 중앙로52길 57,서울특별시 양천구 신정동 913-4,37.5258267,126.8546213,2025-06-30
신정4동,서울특별시 양천구 오목로37길 10,서울특별시 양천구 신정동 915-1,37.5262719,126.8561291,2025-06-30
신정4동,서울특별시 양천구 중앙로52길 38,서울특별시 양천구 신정동 923-31,37.5258267,126.8546213,2025-06-30
신정4동,서울특별시 양천구 오목로 159-13,서울특별시 양천구 신정동 923-36,37.5242619,126.8772058,2025-06-30
신정4동,서울특별시 양천구 오목로 159-21,서울특별시 양천구 신정동 923-39,37.5242619,126.8772058,2025-06-30
신정4동,서울특별시 양천구 은행정로17길 41,서울특별시 양천구 신정동 925-51,37.5271401,126.8544376,2025-06-30
신정4동,서울특별시 양천구 신정중앙로 24,서울특별시 양천구 신정동 926-4,37.5271075,126.857973,2025-06-30
신정4동,서울특별시 양천구 신정중앙로10길 13,서울특별시 양천구 신정동 927-14,37.5269595,126.8530783,2025-06-30
신정4동,서울특별시 양천구 오목로29길 21-6,서울특별시 양천구 신정동 927-16,37.5253263,126.8542016,2025-06-30
신정4동,서울특별시 양천구 오목로29길 21,서울특별시 양천구 신정동 927-20,37.5253263,126.8542016,2025-06-30
신정4동,서울특별시 양천구 오목로29길 25,서울특별시 양천구 신정동 927-9,37.5253263,126.8542016,2025-06-30
신정4동,서울특별시 양천구 오목로27길 1,서울특별시 양천구 신정동 929-24,37.5250824,126.8528295,2025-06-30
신정4동,서울특별시 양천구 중앙로54길 20,서울특별시 양천구 신정동 930-1,37.5265642,126.8516173,2025-06-30
신정4동,서울특별시 양천구 신정중앙로6길 9,서울특별시 양천구 신정동 932-23,37.526546,126.8521957,2025-06-30
신정4동,서울특별시 양천구 신정중앙로8길 2,서울특별시 양천구 신정동 932-32,37.5265215,126.8524861,2025-06-30
신정4동,서울특별시 양천구 신정중앙로4길 2,서울특별시 양천구 신정동 933-14,37.5265587,126.8518937,2025-06-30
신정4동,서울특별시 양천구 신정중앙로2길 5-1,서울특별시 양천구 신정동 933-2,37.5273193,126.851503,2025-06-30
신정4동,서울특별시 양천구 오목로23길 38,서울특별시 양천구 신정동 936-1,37.526001,126.8506974,2025-06-30
신정4동,서울특별시 양천구 오목로23길 30,서울특별시 양천구 신정동 937-1,37.526001,126.8506974,2025-06-30
신정4동,서울특별시 양천구 중앙로 350,서울특별시 양천구 신정동 938-9,37.5252594,126.8502881,2025-06-30
신정4동,서울특별시 양천구 오목로23길 25-1,서울특별시 양천구 신정동 939-18,37.526001,126.8506974,2025-06-30
신정4동,서울특별시 양천구 중앙로 334,서울특별시 양천구 신정동 939-4,37.5252594,126.8502881,2025-06-30
신정4동,서울특별시 양천구 중앙로52길 12-1,서울특별시 양천구 신정동 940-12,37.5258267,126.8546213,2025-06-30
신정4동,서울특별시 양천구 중앙로52길 8-15,서울특별시 양천구 신정동 940-28,37.5258267,126.8546213,2025-06-30
신정4동,서울특별시 양천구 중앙로52길 16-16,서울특별시 양천구 신정동 940-44,37.5258267,126.8546213,2025-06-30
신정4동,서울특별시 양천구 중앙로 320-1,서울특별시 양천구 신정동 942-15,37.5252594,126.8502881,2025-06-30
신정4동,서울특별시 양천구 중앙로 324,서울특별시 양천구 신정동 942-17,37.5252594,126.8502881,2025-06-30
신정4동,서울특별시 양천구 오목로24길 3,서울특별시 양천구 신정동 944-4,37.5226817,126.8524347,2025-06-30
신정4동,서울특별시 양천구 오목로30길 2,서울특별시 양천구 신정동 945-5,37.5230187,126.8541242,2025-06-30
신정4동,서울특별시 양천구 오목로32길 10,서울특별시 양천구 신정동 946-17,37.5236674,126.8549948,2025-06-30
신정4동,서울특별시 양천구 중앙로48길 33-1,서울특별시 양천구 신정동 948-32,37.523928,126.8553289,2025-06-30
신정4동,서울특별시 양천구 오목로38길 6,서울특별시 양천구 신정동 950-5,37.5235435,126.8571372,2025-06-30
신정4동,서울특별시 양천구 오목로38길 8,서울특별시 양천구 신정동 950-7,37.5235435,126.8571372,2025-06-30
신정4동,서울특별시 양천구 은행정로13길 12,서울특별시 양천구 신정동 953-12,37.5246744,126.8573834,2025-06-30
신정4동,서울특별시 양천구 중앙로48길 67,서울특별시 양천구 신정동 954-24,37.523928,126.8553289,2025-06-30
신정4동,서울특별시 양천구 은행정로13길 5,서울특별시 양천구 신정동 954-9,37.5246744,126.8573834,2025-06-30
신정4동,서울특별시 양천구 중앙로46길 63,서울특별시 양천구 신정동 956-10,37.5224538,126.8557664,2025-06-30
신정4동,서울특별시 양천구 은행정로11가길 3,서울특별시 양천구 신정동 956-5,37.5234292,126.8589051,2025-06-30
신정4동,서울특별시 양천구 중앙로46길 57,서울특별시 양천구 신정동 957-16,37.5224538,126.8557664,2025-06-30
신정4동,서울특별시 양천구 은행정로11나길 7,서울특별시 양천구 신정동 957-22,37.5233603,126.8583065,2025-06-30
신정4동,서울특별시 양천구 은행정로11나길 2,서울특별시 양천구 신정동 958-7,37.5233603,126.8583065,2025-06-30
신정4동,서울특별시 양천구 오목로40길 20,서울특별시 양천구 신정동 959-10,37.5236892,126.857662,2025-06-30
신정4동,서울특별시 양천구 오목로34길 15,서울특별시 양천구 신정동 962-17,37.5241503,126.8556734,2025-06-30
신정4동,서울특별시 양천구 오목로32길 23-9,서울특별시 양천구 신정동 963-25,37.5236674,126.8549948,2025-06-30
신정4동,서울특별시 양천구 오목로38길 20,서울특별시 양천구 신정동 963-30,37.5235435,126.8571372,2025-06-30
신정4동,서울특별시 양천구 오목로34길 16-2,서울특별시 양천구 신정동 963-9,37.5241503,126.8556734,2025-06-30
신정4동,서울특별시 양천구 오목로32길 23-2,서울특별시 양천구 신정동 964-3,37.5236674,126.8549948,2025-06-30
신정4동,서울특별시 양천구 중앙로46길 23,서울특별시 양천구 신정동 965-14,37.5224538,126.8557664,2025-06-30
신정4동,서울특별시 양천구 중앙로46길 23,서울특별시 양천구 신정동 965-14,37.5224538,126.8557664,2025-06-30
신정4동,서울특별시 양천구 오목로32길 22,서울특별시 양천구 신정동 965-19,37.5236674,126.8549948,2025-06-30
신정4동,서울특별시 양천구 오목로26길 17-6,서울특별시 양천구 신정동 967-17,37.5235079,126.8527452,2025-06-30
신정4동,서울특별시 양천구 중앙로48길 16,서울특별시 양천구 신정동 967-9,37.523928,126.8553289,2025-06-30
신정4동,서울특별시 양천구 중앙로48길 4,서울특별시 양천구 신정동 971-2,37.523928,126.8553289,2025-06-30
신정4동,서울특별시 양천구 은행정로7길 51,서울특별시 양천구 신정동 973-21,37.5220879,126.8563902,2025-06-30
신정4동,서울특별시 양천구 은행정로7길 42,서울특별시 양천구 신정동 975-30,37.5220879,126.8563902,2025-06-30
신정4동,서울특별시 양천구 은행정로7길 41,서울특별시 양천구 신정동 976-2,37.5220879,126.8563902,2025-06-30
신정4동,서울특별시 양천구 은행정로7길 21,서울특별시 양천구 신정동 978-4,37.5220879,126.8563902,2025-06-30
신정4동,서울특별시 양천구 은행정로7길 16,서울특별시 양천구 신정동 979-13,37.5220879,126.8563902,2025-06-30
신정4동,서울특별시 양천구 은행정로7길 2,서울특별시 양천구 신정동 980-10,37.5220879,126.8563902,2025-06-30
신정4동,서울특별시 양천구 목동로11길 39,서울특별시 양천구 신정동 983-5,37.5231935,126.8623166,2025-06-30
신정4동,서울특별시 양천구 목동로9길 38,서울특별시 양천구 신정동 983-9,37.5227225,126.8620537,2025-06-30
신정4동,서울특별시 양천구 목동로17길 40,서울특별시 양천구 신정동 985-14,37.5243726,126.8616503,2025-06-30
신정4동,서울특별시 양천구 목동로17길 34,서울특별시 양천구 신정동 985-9,37.5243726,126.8616503,2025-06-30
신정4동,서울특별시 양천구 목동로19길 42-1,서울특별시 양천구 신정동 986-21,37.5248203,126.8619128,2025-06-30
신정4동,서울특별시 양천구 목동로21길 15-1,서울특별시 양천구 신정동 990-2,37.5252213,126.8614363,2025-06-30
신정4동,서울특별시 양천구 오목로46길 1,서울특별시 양천구 신정동 991-15,37.5239818,126.8618811,2025-06-30
신정4동,서울특별시 양천구 오목로50길 5,서울특별시 양천구 신정동 994-6,37.5242311,126.8641158,2025-06-30
신정4동,서울특별시 양천구 목동로17길 2,서울특별시 양천구 신정동 996-13,37.5243726,126.8616503,2025-06-30
신정4동,서울특별시 양천구 목동로19길 9-1,서울특별시 양천구 신정동 996-2,37.5248203,126.8619128,2025-06-30
신정4동,서울특별시 양천구 목동로19길 9,서울특별시 양천구 신정동 996-9,37.5248203,126.8619128,2025-06-30
신정4동,,서울특별시 양천구 신정동 878-10,37.5162407,126.8521196,2025-06-30
신정7동,서울특별시 양천구 목동남로4길 30-10,서울특별시 양천구 신정동 175-12,37.5078085,126.867819,2025-06-30
신정7동,서울특별시 양천구 중앙로14나길 29,서울특별시 양천구 신정동 177-4,37.5055266,126.8657947,2025-06-30
신정7동,서울특별시 양천구 중앙로14나길 44,서울특별시 양천구 신정동 177-70,37.5053213,126.8665165,2025-06-30
신정7동,서울특별시 양천구 목동남로2길 57,서울특별시 양천구 신정동 181-1,37.5060223,126.8637528,2025-06-30
신정7동,서울특별시 양천구 목동남로2길 50-5,서울특별시 양천구 신정동 190-2,37.5060223,126.8637528,2025-06-30
신정7동,서울특별시 양천구 목동남로2길 47,서울특별시 양천구 신정동 192-2,37.5060223,126.8637528,2025-06-30
신정7동,서울특별시 양천구 목동남로2길 25,서울특별시 양천구 신정동 202-32,37.5060223,126.8637528,2025-06-30
신정7동,서울특별시 양천구 목동남로2길 15,서울특별시 양천구 신정동 202-7,37.5060223,126.8637528,2025-06-30
신정7동,서울특별시 양천구 목동남로 68-8,서울특별시 양천구 신정동 209-24,37.5095561,126.8695714,2025-06-30
신정7동,서울특별시 양천구 목동남로4길 6-11,서울특별시 양천구 신정동 337-7,37.5078085,126.867819,2025-06-30
