연 번,행정동,도로명주소,지번주소,위도,경도
1,후암동,서울특별시 용산구 두텁바위로60길 58 (후암동),서울특별시 용산구 후암동 358-34,37.5487385,126.9831276
2,후암동,서울특별시 용산구 후암로44길 8 (후암동),서울특별시 용산구 후암동 1-20,37.5522792,126.9770906
3,후암동,서울특별시 용산구 두텁바위로75길 3 (후암동),서울특별시 용산구 후암동 30-6,37.55256501,126.9789934
4,후암동,서울특별시 용산구 두텁바위로75길 10 (후암동),서울특별시 용산구 후암동 30-3,37.5523767,126.9786246
5,후암동,서울특별시 용산구 두텁바위로75길 22 (후암동),서울특별시 용산구 후암동 30-68,37.55202273,126.9789609
6,후암동,서울특별시 용산구 후암로34길 31 (후암동),서울특별시 용산구 후암동 30-30,37.55167278,126.9786395
7,후암동,서울특별시 용산구 두텁바위로75길 26 (후암동),서울특별시 용산구 후암동 30-21,37.55190879,126.9790891
8,후암동,서울특별시 용산구 두텁바위로69길 23-4 (후암동),서울특별시 용산구 후암동 58-4,37.55079863,126.9797816
9,후암동,서울특별시 용산구 두텁바위로69길 39 (후암동),서울특별시 용산구 후암동 41-9,37.551292,126.9791038
10,후암동,서울특별시 용산구 후암로28가길 30 (후암동),서울특별시 용산구 후암동 58-13,37.55063276,126.9794541
11,후암동,서울특별시 용산구 후암로28가길 17 (후암동),서울특별시 용산구 후암동 60-28,37.55041881,126.9786737
12,후암동,서울특별시 용산구 후암로16다길 4-6 (후암동),서울특별시 용산구 후암동 247-53,37.54813463,126.978951
13,후암동,서울특별시 용산구 후암로28마길 2 (후암동),서울특별시 용산구 후암동 302,37.54943716,126.9802306
14,후암동,서울특별시 용산구 후암로28다길 4 (후암동),서울특별시 용산구 후암동 55-14,37.54958589,126.979299
15,후암동,서울특별시 용산구 후암로16길 40 (후암동),서울특별시 용산구 후암동 244-132,37.54905605,126.979734
16,후암동,서울특별시 용산구 후암로28바길 17 (후암동),서울특별시 용산구 후암동 297-3,37.54844132,126.9799655
17,후암동,서울특별시 용산구 두텁바위로69길 23-4 (후암동),서울특별시 용산구 후암동 58-4,37.55079863,126.9797816
18,후암동,서울특별시 용산구 두텁바위로31길 20 (후암동),서울특별시 용산구 후암동 264-11,37.54714103,126.9804593
19,후암동,서울특별시 용산구 두텁바위로69길 15-23 (후암동),서울특별시 용산구 후암동 45-35,37.55058711,126.9807548
20,후암동,서울특별시 용산구 후암로16길 17 (후암동),서울특별시 용산구 후암동 244-171,37.54866156,126.9788006
21,후암동,서울특별시 용산구 후암로16가길 24 (후암동),서울특별시 용산구 후암동 252-1,37.54720224,126.9785977
22,후암동,서울특별시 용산구 후암로48길 46 (후암동),서울특별시 용산구 후암동 436-2,37.55309214,126.9785339
23,후암동,서울특별시 용산구 후암로16길 5 (후암동),서울특별시 용산구 후암동 244-110,37.54844794,126.9782257
24,후암동,서울특별시 용산구 소월로 68-1 (후암동),서울특별시 용산구 후암동 448-110,37.55434294,126.977997
25,후암동,서울특별시 용산구 두텁바위로1길 86 (후암동),서울특별시 용산구 후암동 160-1,37.54770302,126.9758613
26,후암동,서울특별시 용산구 후암로48길 16 (후암동),서울특별시 용산구 후암동 438-7,37.55280722,126.9771169
27,후암동,서울특별시 용산구 후암로48길 38-22 (후암동),서울특별시 용산구 후암동 437,37.55290464,126.9784788
28,후암동,서울특별시 용산구 한강대로98나길 12 (후암동),서울특별시 용산구 후암동 143-18,37.54847063,126.9741413
29,후암동,서울특별시 용산구 후암로13가길 18 (후암동),서울특별시 용산구 후암동 105-143,37.54805288,126.9769154
30,후암동,서울특별시 용산구 후암로13가길 28 (후암동),서울특별시 용산구 후암동 105-75,37.5484122,126.9764829
31,후암동,서울특별시 용산구 두텁바위로1길 103-11 (후암동),서울특별시 용산구 후암동 128-2,37.54884723,126.9756973
32,후암동,서울특별시 용산구 두텁바위로1가길 33 (후암동),서울특별시 용산구 후암동 136-2,37.54788514,126.9760123
33,후암동,서울특별시 용산구 한강대로102다길 26 (후암동),서울특별시 용산구 후암동 143-23,37.54832169,126.974389
34,후암동,서울특별시 용산구 한강대로104라길 30-17 (후암동),서울특별시 용산구 후암동 140-6,37.54829789,126.9754231
35,후암동,서울특별시 용산구 두텁바위로13길 6 (후암동),서울특별시 용산구 후암동 175-8,37.54602146,126.9768671
36,후암동,서울특별시 용산구 후암로4길 57 (후암동),서울특별시 용산구 후암동 286-2,37.54828006,126.9802077
37,후암동,서울특별시 용산구 한강대로98다길 13 (후암동),서울특별시 용산구 후암동 143-42,37.54773295,126.9737632
38,후암동,서울특별시 용산구 한강대로98다길 28 (후암동),서울특별시 용산구 후암동 142-104,37.5479401,126.9741032
39,후암동,서울특별시 용산구 후암로 65 (후암동),서울특별시 용산구 후암동 458,37.55155167,126.9760794
40,후암동,서울특별시 용산구 두텁바위로1나길 38 (후암동),서울특별시 용산구 후암동 210-2,37.54698633,126.9775064
41,후암동,서울특별시 용산구 후암로 70 (후암동),서울특별시 용산구 후암동 1-42,37.55212596,126.9770807
42,후암동,서울특별시 용산구 두텁바위로1나길 7 (후암동),서울특별시 용산구 후암동 185-14,37.54674362,126.9760084
43,후암동,서울특별시 용산구 후암로 33-3 (후암동),서울특별시 용산구 후암동 105-6,37.54881783,126.9774841
44,후암동,서울특별시 용산구 후암로34길 21-3 (후암동),서울특별시 용산구 후암동 30-180,37.55148,126.9781845
45,후암동,서울특별시 용산구 후암로15길 41 (후암동),서울특별시 용산구 후암동 105-30,37.54948562,126.9768567
46,후암동,서울특별시 용산구 소월로2가길 10 (후암동),서울특별시 용산구 후암동 448-85,37.55428528,126.9771297
47,후암동,서울특별시 용산구 후암로 59 (후암동),서울특별시 용산구 후암동 79,37.5510811,126.9768438
48,후암동,서울특별시 용산구 후암로34길 6 (후암동),서울특별시 용산구 후암동 27-2,37.55103282,126.9775835
49,후암동,서울특별시 용산구 두텁바위로38가길 2 (후암동),서울특별시 용산구 후암동 415-7,37.54690461,126.9824813
50,후암동,서울특별시 용산구 두텁바위로37길 16 (후암동),서울특별시 용산구 후암동 389-21,37.54775469,126.9811103
51,후암동,서울특별시 용산구 두텁바위로1길 57 (후암동),서울특별시 용산구 후암동 164-41,37.54664348,126.9751358
52,후암동,서울특별시 용산구 후암로28길 72-2 (후암동),서울특별시 용산구 후암동 318,37.54889202,126.9811367
53,후암동,서울특별시 용산구 두텁바위로58길 28 (후암동),서울특별시 용산구 후암동 358-4,37.54920378,126.9827178
54,후암동,서울특별시 용산구 소월로 60 (후암동),서울특별시 용산구 후암동 448-87,37.55466605,126.9773166
55,후암동,서울특별시 용산구 두텁바위로38길 22 (후암동),서울특별시 용산구 후암동 409-119,37.5470688,126.982889
56,후암동,서울특별시 용산구 두텁바위로47길 5 (후암동),서울특별시 용산구 후암동 395-1,37.54855614,126.9819551
57,후암동,서울특별시 용산구 두텁바위로58길 61 (후암동),서울특별시 용산구 후암동 358-78,37.54785096,126.9832115
58,후암동,서울특별시 용산구 두텁바위로58길 7-6 (후암동),서울특별시 용산구 후암동 358-48,37.54999201,126.9824261
59,후암동,서울특별시 용산구 두텁바위로 129 (후암동),서울특별시 용산구 후암동 336-7,37.5504297,126.9811843
60,후암동,서울특별시 용산구 두텁바위로38길 38 (후암동),서울특별시 용산구 후암동 409-87,37.54674888,126.9835662
61,후암동,서울특별시 용산구 두텁바위로 112-1 (후암동),서울특별시 용산구 후암동 356,37.5491669,126.9822236
62,후암동,서울특별시 용산구 두텁바위로58길 17-1 (후암동),서울특별시 용산구 후암동 358-24,37.54971566,126.9826965
63,후암동,서울특별시 용산구 두텁바위로58길 14 (후암동),서울특별시 용산구 후암동 352-1,37.54976402,126.9822557
64,후암동,서울특별시 용산구 두텁바위로58길 45 (후암동),서울특별시 용산구 후암동 358-49,37.54857828,126.9832632
65,후암동,서울특별시 용산구 두텁바위로 133-2 (후암동),서울특별시 용산구 후암동 337-5,37.55094654,126.9813904
66,후암동,서울특별시 용산구 두텁바위로 106-2 (후암동),서울특별시 용산구 후암동 400-17,37.54851398,126.9824326
67,후암동,서울특별시 용산구 두텁바위로60길 82 (후암동),서울특별시 용산구 후암동 406-41,37.54801843,126.9839701
68,후암동,서울특별시 용산구 두텁바위로 125 (후암동),서울특별시 용산구 후암동 336-11,37.54996158,126.981401
69,후암동,서울특별시 용산구 두텁바위로1길 51 (후암동),서울특별시 용산구 후암동 164-14,37.54653987,126.9749161
70,후암동,서울특별시 용산구 두텁바위로 110-4 (후암동),서울특별시 용산구 후암동 399-3,37.54882397,126.9824676
71,후암동,서울특별시 용산구 두텁바위로 94 (후암동),서울특별시 용산구 후암동 404-14,37.54734261,126.9821019
72,후암동,서울특별시 용산구 두텁바위로53길 2 (후암동),서울특별시 용산구 후암동 352-13,37.54930206,126.9817394
73,후암동,서울특별시 용산구 두텁바위로 123 (후암동),서울특별시 용산구 후암동 336-6,37.54986973,126.9814887
74,후암동,서울특별시 용산구 두텁바위로 148 (후암동),서울특별시 용산구 후암동 30-182,37.55183665,126.9809167
75,후암동,서울특별시 용산구 후암로34길 50 (후암동),서울특별시 용산구 후암동 30-35,37.55179763,126.9796984
76,용산2가동,서울특별시 용산구 신흥로 15-1 (용산동2가),서울특별시 용산구 용산동2가 5-76,37.54003415,126.9864788
77,용산2가동,서울특별시 용산구 신흥로 54 (용산동2가),서울특별시 용산구 용산동2가 45-1,37.5430744,126.9878064
78,용산2가동,서울특별시 용산구 신흥로2길 7 (용산동2가),서울특별시 용산구 용산동2가 46-5,37.5403509,126.9868671
79,용산2가동,서울특별시 용산구 신흥로16길 40 (용산동2가),서울특별시 용산구 용산동2가 5-236,37.54513864,126.9880859
80,용산2가동,서울특별시 용산구 신흥로2길 68 (용산동2가),서울특별시 용산구 용산동2가 47-3,37.54270346,126.98795
81,용산2가동,서울특별시 용산구 신흥로15길 11 (용산동2가),서울특별시 용산구 용산동2가 21-1,37.54427085,126.9861612
82,용산2가동,서울특별시 용산구 신흥로2길 23 (용산동2가),서울특별시 용산구 용산동2가 46-2,37.54083304,126.9872139
83,용산2가동,서울특별시 용산구 소월로30길 19-8 (용산동2가),서울특별시 용산구 용산동2가 5-1475,37.54526153,126.9888749
84,용산2가동,서울특별시 용산구 신흥로12길 17 (용산동2가),서울특별시 용산구 용산동2가 26-3,37.54376562,126.9882262
85,용산2가동,서울특별시 용산구 신흥로12길 47 (용산동2가),서울특별시 용산구 용산동2가 25-1,37.54492247,126.9876881
86,용산2가동,서울특별시 용산구 신흥로3가길 1 (용산동2가),서울특별시 용산구 용산동2가 5-768,37.5412144,126.9864681
87,용산2가동,서울특별시 용산구 신흥로3길 14 (용산동2가),서울특별시 용산구 용산동2가 44-24,37.54142499,126.9864242
88,용산2가동,서울특별시 용산구 신흥로3가길 41 (용산동2가),서울특별시 용산구 용산동2가 5-43,37.54156138,126.9843274
89,용산2가동,서울특별시 용산구 신흥로9길 15-14 (용산동2가),서울특별시 용산구 용산동2가 36-3,37.54320864,126.9865575
90,용산2가동,서울특별시 용산구 소월로30길 53-1 (용산동2가),서울특별시 용산구 용산동2가 5-1502,37.54417382,126.9890318
91,용산2가동,서울특별시 용산구 소월로20길 37 (용산동2가),서울특별시 용산구 용산동2가 19-13,37.54470181,126.9853395
92,용산2가동,서울특별시 용산구 신흥로3나길 19-11 (용산동2가),서울특별시 용산구 용산동2가 5-948,37.5422969,126.9843755
93,용산2가동,서울특별시 용산구 신흥로5길 60 (용산동2가),서울특별시 용산구 용산동2가 34-31,37.54322016,126.9847208
94,용산2가동,서울특별시 용산구 신흥로5길 27 (용산동2가),서울특별시 용산구 용산동2가 42-7,37.54218209,126.9859873
95,용산2가동,서울특별시 용산구 신흥로3가길 77 (용산동2가),서울특별시 용산구 용산동2가 5-1238,37.543157,126.9837774
96,용산2가동,서울특별시 용산구 신흥로7길 13 (용산동2가),서울특별시 용산구 용산동2가 39-10,37.54228835,126.9866851
97,용산2가동,서울특별시 용산구 신흥로11길 43-6 (용산동2가),서울특별시 용산구 용산동2가 20-6,37.54456333,126.9858826
98,용산2가동,서울특별시 용산구 소월로20길 52 (용산동2가),서울특별시 용산구 용산동2가 1-1621,37.54443735,126.9845463
99,용산2가동,서울특별시 용산구 신흥로7길 61 (용산동2가),서울특별시 용산구 용산동2가 34-6,37.54369598,126.9845847
100,용산2가동,서울특별시 용산구 소월로20길 72 (용산동2가),서울특별시 용산구 용산동2가 5-1128,37.54366805,126.9840944
101,용산2가동,서울특별시 용산구 신흥로7길 13-5 (용산동2가),서울특별시 용산구 용산동2가 39-23,37.54217446,126.9865892
102,용산2가동,서울특별시 용산구 신흥로 103-1 (용산동2가),서울특별시 용산구 용산동2가 1-108,37.54482533,126.9844705
103,남영동,서울특별시 용산구 한강대로98길 10-9 (갈월동),서울특별시 용산구 갈월동 7-172,37.54781385,126.9727753
104,남영동,서울특별시 용산구 한강대로98길 22 (갈월동),서울특별시 용산구 갈월동 7-194,37.5481137,126.9732146
105,남영동,서울특별시 용산구 한강대로94길 4-7 (갈월동),서울특별시 용산구 갈월동 11-29,37.5466414,126.9723309
106,남영동,서울특별시 용산구 한강대로96길 35 (갈월동),서울특별시 용산구 갈월동 7-28,37.54706467,126.9738777
107,남영동,서울특별시 용산구 한강대로72길 17-6 (남영동),서울특별시 용산구 남영동 108-11,37.54095507,126.9743356
108,남영동,서울특별시 용산구 한강대로104길 30 (동자동),서울특별시 용산구 동자동 24-1,37.5502475,126.9737686
109,남영동,서울특별시 용산구 한강대로72길 11-22 (남영동),서울특별시 용산구 남영동 114-17,37.54155878,126.9739454
110,남영동,서울특별시 용산구 두텁바위로5길 21 (갈월동),서울특별시 용산구 갈월동 14-4,37.54628092,126.9730112
111,남영동,서울특별시 용산구 한강대로94길 14 (갈월동),서울특별시 용산구 갈월동 11-23,37.54673609,126.972734
112,남영동,서울특별시 용산구 한강대로96길 50 (갈월동),서울특별시 용산구 갈월동 7-79,37.54671616,126.974477
113,남영동,서울특별시 용산구 한강대로80길 21-7 (남영동),서울특별시 용산구 남영동 50-1,37.54293313,126.9738835
114,남영동,서울특별시 용산구 한강대로76길 11-10 (남영동),서울특별시 용산구 남영동 99-3,37.5420046,126.9738458
115,남영동,서울특별시 용산구 한강대로102길 12 (갈월동),서울특별시 용산구 갈월동 1-5,37.54978048,126.9726745
116,남영동,서울특별시 용산구 한강대로102가길 5 (갈월동),서울특별시 용산구 갈월동 6-11,37.54928331,126.9733336
117,남영동,서울특별시 용산구 후암로57길 41 (동자동),서울특별시 용산구 동자동 35-125,37.55166087,126.9740874
118,남영동,서울특별시 용산구 한강대로104마길 41 (동자동),서울특별시 용산구 동자동 35-18,37.55164864,126.9747275
119,남영동,서울특별시 용산구 한강대로50길 21 (한강로2가),서울특별시 용산구 남영동 47-2,37.53170461,126.972064
120,남영동,서울특별시 용산구 후암로49길 32 (동자동),서울특별시 용산구 동자동 19-94,37.55217974,126.9749878
121,남영동,서울특별시 용산구 한강대로84길 22 (남영동),서울특별시 용산구 남영동 46-1,37.54366108,126.9737439
122,남영동,서울특별시 용산구 한강대로104마길 22 (동자동),서울특별시 용산구 동자동 19-37,37.55078517,126.9750139
123,남영동,서울특별시 용산구 후암로57길 26 (동자동),서울특별시 용산구 동자동 17-3,37.55240919,126.9735476
124,남영동,서울특별시 용산구 한강대로104마길 27 (동자동),서울특별시 용산구 동자동 19-15,37.55104162,126.9747435
125,남영동,서울특별시 용산구 한강대로104다길 9 (동자동),서울특별시 용산구 동자동 20-4,37.55020359,126.9750844
126,남영동,서울특별시 용산구 후암로57길 17-32 (동자동),서울특별시 용산구 동자동 7-2,37.55267058,126.9750131
127,남영동,서울특별시 용산구 후암로49길 22 (동자동),서울특별시 용산구 동자동 6-5,37.5525707,126.9752839
128,청파동,서울특별시 용산구 청파로71길 64-4 (청파동1가),서울특별시 용산구 청파동1가 15-1,37.54949229,126.9665968
129,청파동,서울특별시 용산구 효창원로86다길 29 (청파동1가),서울특별시 용산구 청파동1가 89-27,37.54844216,126.9668393
130,청파동,서울특별시 용산구 효창원로98길 19 (청파동1가),서울특별시 용산구 청파동1가 3-59,37.54931251,126.9645419
131,청파동,서울특별시 용산구 효창원로86라길 20 (청파동1가),서울특별시 용산구 청파동1가 97-16,37.54748084,126.967017
132,청파동,서울특별시 용산구 청파로71길 95 (청파동1가),서울특별시 용산구 청파동1가 3-11,37.54921317,126.9646182
133,청파동,서울특별시 용산구 청파로71길 78-24 (청파동1가),서울특별시 용산구 청파동1가 3-29,37.55002716,126.9656026
134,청파동,서울특별시 용산구 효창원로94길 17 (청파동1가),서울특별시 용산구 청파동1가 204-8,37.54832501,126.9643835
135,청파동,서울특별시 용산구 효창원로104라길 12-8 (청파동1가),서울특별시 용산구 청파동1가 1-63,37.55071115,126.9659606
136,청파동,서울특별시 용산구 청파로71길 77 (청파동1가),서울특별시 용산구 청파동1가 4-2,37.54917953,126.9657357
137,청파동,서울특별시 용산구 청파로57길 28-3 (청파동1가),서울특별시 용산구 청파동1가 100-37,37.54719189,126.9684069
138,청파동,서울특별시 용산구 청파로73길 9 (청파동1가),서울특별시 용산구 청파동1가 42-2,37.54980392,126.9690697
139,청파동,서울특별시 용산구 청파로73나길 12 (청파동1가),서울특별시 용산구 청파동1가 1-155,37.55070885,126.966748
140,청파동,서울특별시 용산구 효창원로86라길 25-8 (청파동1가),서울특별시 용산구 청파동1가 97-39,37.54783053,126.9664921
141,청파동,서울특별시 용산구 청파로71다길 26 (청파동1가),서울특별시 용산구 청파동1가 89-11,37.54812439,126.9660794
142,청파동,서울특별시 용산구 청파로71길 58-7 (청파동1가),서울특별시 용산구 청파동1가 1-45,37.54960752,126.9667053
143,청파동,서울특별시 용산구 효창원로86라길 54 (청파동1가),서울특별시 용산구 청파동1가 89-19,37.54891865,126.9670611
144,청파동,서울특별시 용산구 효창원로104라길 2 (청파동1가),서울특별시 용산구 청파동1가 1-109,37.5504615,126.9655177
145,청파동,서울특별시 용산구 효창원로86다길 8 (청파동1가),서울특별시 용산구 청파동1가 89-64,37.54821273,126.9655462
146,청파동,서울특별시 용산구 청파로71나길 25 (청파동1가),서울특별시 용산구 청파동1가 89-17,37.54851302,126.9672371
147,청파동,서울특별시 용산구 효창원로98길 41 (청파동1가),서울특별시 용산구 청파동1가 3-21,37.54898722,126.9655912
148,청파동,서울특별시 용산구 청파로63길 24 (청파동1가),서울특별시 용산구 청파동1가 121-13,37.54829231,126.9687957
149,청파동,서울특별시 용산구 청파로47나길 71 (청파동1가),서울특별시 용산구 청파동1가 82,37.54793484,126.9681293
150,청파동,서울특별시 용산구 효창원로86다길 2 (청파동1가),서울특별시 용산구 청파동1가 89-121,37.54830068,126.9651779
151,청파동,서울특별시 용산구 청파로63가길 37 (청파동1가),서울특별시 용산구 청파동1가 97-8,37.54788047,126.9675782
152,청파동,서울특별시 용산구 효창원로86다길 1 (청파동1가),서울특별시 용산구 청파동1가 89-70,37.54845962,126.9651959
153,청파동,서울특별시 용산구 청파로57길 12 (청파동1가),서울특별시 용산구 청파동1가 106-1,37.54700688,126.9694094
154,청파동,서울특별시 용산구 청파로71길 23 (청파동1가),서울특별시 용산구 청파동1가 58-18,37.54944349,126.9685335
155,청파동,서울특별시 용산구 청파로47나길 39-12 (청파동1가),서울특별시 용산구 청파동1가 97-18,37.54694662,126.9672742
156,청파동,서울특별시 용산구 청파로71가길 23-8 (청파동1가),서울특별시 용산구 청파동1가 1-25,37.54983973,126.9671673
157,청파동,서울특별시 용산구 청파로47나길 49 (청파동1가),서울특별시 용산구 청파동1가 98-21,37.54700527,126.9676849
158,청파동,서울특별시 용산구 효창원로94길 3 (청파동1가),서울특별시 용산구 청파동1가 205-5,37.54844592,126.9636103
159,청파동,서울특별시 용산구 청파로71가길 41 (청파동1가),서울특별시 용산구 청파동1가 1-199,37.55018367,126.9663043
160,청파동,서울특별시 용산구 청파로47나길 91 (청파동1가),서울특별시 용산구 청파동1가 65,37.54878112,126.9685263
161,청파동,서울특별시 용산구 청파로71가길 60 (청파동1가),서울특별시 용산구 청파동1가 1-162,37.55097852,126.9665764
162,청파동,서울특별시 용산구 청파로47나길 82 (청파동1가),서울특별시 용산구 청파동1가 121-16,37.54835016,126.9684745
163,청파동,서울특별시 용산구 청파로71나길 7 (청파동1가),서울특별시 용산구 청파동1가 58-38,37.54913118,126.9678637
164,청파동,서울특별시 용산구 효창원로94길 23 (청파동1가),서울특별시 용산구 청파동1가 89-77,37.54829924,126.9647999
165,청파동,서울특별시 용산구 청파로71나길 21 (청파동1가),서울특별시 용산구 청파동1가 89-8,37.54855341,126.9676233
166,청파동,서울특별시 용산구 청파로53길 14 (청파동2가),서울특별시 용산구 청파동2가 22,37.54630662,126.9694527
167,청파동,서울특별시 용산구 청파로71나길 23-5 (청파동1가),서울특별시 용산구 청파동1가 89-13,37.54834897,126.9674554
168,청파동,서울특별시 용산구 청파로71가길 13-8 (청파동1가),서울특별시 용산구 청파동1가 1-11,37.54984353,126.9675981
169,청파동,서울특별시 용산구 청파로47나길 20 (청파동2가),서울특별시 용산구 청파동2가 41-18,37.54567943,126.9671453
170,청파동,서울특별시 용산구 청파로71다길 33 (청파동2가),서울특별시 용산구 청파동2가 1-61,37.54767089,126.966223
171,청파동,서울특별시 용산구 청파로53길 9-4 (청파동2가),서울특별시 용산구 청파동2가 26,37.54590622,126.9695092
172,청파동,서울특별시 용산구 청파로49길 22 (청파동2가),서울특별시 용산구 청파동2가 35-48,37.54545231,126.9691224
173,청파동,서울특별시 용산구 청파로71가길 22 (청파동1가),서울특별시 용산구 청파동1가 1-16,37.55025651,126.9674129
174,청파동,서울특별시 용산구 청파로71길 29-5 (청파동1가),서울특별시 용산구 청파동1가 58-32,37.54936951,126.9682279
175,청파동,서울특별시 용산구 청파로71가길 18 (청파동1가),서울특별시 용산구 청파동1가 1-9,37.55033023,126.9675944
176,청파동,서울특별시 용산구 효창원로86길 60-11 (청파동2가),서울특별시 용산구 청파동2가 42-24,37.54604137,126.9667727
177,청파동,서울특별시 용산구 효창원로86가길 28 (청파동1가),서울특별시 용산구 청파동1가 89-68,37.54802651,126.965609
178,청파동,서울특별시 용산구 청파로57가길 11 (청파동2가),서울특별시 용산구 청파동2가 10-11,37.54658885,126.9686774
179,청파동,서울특별시 용산구 효창원로86길 67-1 (청파동2가),서울특별시 용산구 청파동2가 8-5,37.54658003,126.9670333
180,청파동,서울특별시 용산구 효창원로86길 50 (청파동2가),서울특별시 용산구 청파동2가 48-1,37.5463992,126.9660098
181,청파동,서울특별시 용산구 청파로57가길 12-6 (청파동2가),서울특별시 용산구 청파동2가 10-25,37.54659619,126.9682122
182,청파동,서울특별시 용산구 청파로57가길 3 (청파동2가),서울특별시 용산구 청파동2가 10-18,37.54696387,126.9684858
183,청파동,서울특별시 용산구 효창원로86길 33 (청파동2가),서울특별시 용산구 청파동2가 1-157,37.54686793,126.9655499
184,청파동,서울특별시 용산구 청파로47나길 32 (청파동2가),서울특별시 용산구 청파동2가 9-23,37.54618289,126.9675158
185,청파동,서울특별시 용산구 청파로49길 46 (청파동2가),서울특별시 용산구 청파동2가 37-2,37.54538819,126.9679014
186,청파동,서울특별시 용산구 백범로79다길 48 (청파동3가),서울특별시 용산구 청파동3가 134-47,37.5416963,126.9674664
187,청파동,서울특별시 용산구 청파로47나길 39 (청파동2가),서울특별시 용산구 청파동2가 10-53,37.54660996,126.9675263
188,청파동,서울특별시 용산구 청파로49길 41 (청파동2가),서울특별시 용산구 청파동2가 70-7,37.54520795,126.9681025
189,청파동,서울특별시 용산구 청파로43라길 42 (청파동3가),서울특별시 용산구 청파동3가 118-80,37.54324162,126.9672321
190,청파동,서울특별시 용산구 효창원로86길 7 (청파동2가),서울특별시 용산구 청파동2가 1-80,37.54681346,126.9638186
191,청파동,서울특별시 용산구 효창원로 170 (청파동3가),서울특별시 용산구 청파동3가 132-124,37.54321917,126.96256
192,청파동,서울특별시 용산구 청파로43가길 10 (청파동3가),서울특별시 용산구 청파동3가 29-10,37.5438802,126.9693225
193,청파동,서울특별시 용산구 청파로43다길 28-6 (청파동3가),서울특별시 용산구 청파동3가 121-49,37.54243678,126.9692317
194,청파동,서울특별시 용산구 효창원로86길 60-7 (청파동2가),서울특별시 용산구 청파동2가 42-21,37.54618638,126.9667195
195,청파동,서울특별시 용산구 청파로43라길 38 (청파동3가),서울특별시 용산구 청파동3가 118-79,37.543202,126.9673859
196,청파동,서울특별시 용산구 청파로47가길 19-5 (청파동3가),서울특별시 용산구 청파동3가 118-46,37.54389127,126.9666512
197,청파동,서울특별시 용산구 백범로79길 88 (청파동3가),서울특별시 용산구 청파동3가 132-41,37.54263367,126.9647841
198,청파동,서울특별시 용산구 청파로43라길 18 (청파동3가),서울특별시 용산구 청파동3가 118-68,37.54311981,126.9682482
199,청파동,서울특별시 용산구 청파로43길 39 (청파동3가),서울특별시 용산구 청파동3가 121-5,37.54366794,126.9684644
200,청파동,서울특별시 용산구 효창원로 180 (청파동3가),서울특별시 용산구 청파동3가 132-59,37.54361561,126.96281
201,청파동,서울특별시 용산구 청파로43길 71 (청파동3가),서울특별시 용산구 청파동3가 118-280,37.54403919,126.9667071
202,청파동,서울특별시 용산구 청파로47가길 52 (청파동3가),서울특별시 용산구 청파동3가 132-9,37.54362035,126.9646658
203,청파동,서울특별시 용산구 효창원로76길 39 (청파동3가),서울특별시 용산구 청파동3가 132-87,37.54312628,126.9643951
204,청파동,서울특별시 용산구 원효로97길 37 (청파동3가),서울특별시 용산구 청파동3가 128-4,37.54222005,126.9685553
205,청파동,서울특별시 용산구 청파로47가길 7-11 (청파동3가),서울특별시 용산구 청파동3가 111-35,37.54455225,126.9673123
206,청파동,서울특별시 용산구 청파로73길 28 (서계동),서울특별시 용산구 서계동 113-1,37.55042907,126.9682309
207,청파동,서울특별시 용산구 청파로73길 59 (서계동),서울특별시 용산구 서계동 33-248,37.55139751,126.9674516
208,청파동,서울특별시 용산구 청파로47가길 59 (청파동3가),서울특별시 용산구 청파동3가 132-42,37.54343997,126.9644763
209,청파동,서울특별시 용산구 청파로73길 75 (서계동),서울특별시 용산구 서계동 33-19,37.55169166,126.9669172
210,청파동,서울특별시 용산구 효창원로76길 9 (청파동3가),서울특별시 용산구 청파동3가 132-68,37.54301437,126.9628178
211,청파동,서울특별시 용산구 효창원로72길 21 (청파동3가),서울특별시 용산구 청파동3가 132-208,37.54237502,126.9630405
212,청파동,서울특별시 용산구 청파로73길 88 (서계동),서울특별시 용산구 서계동 33-216,37.55206796,126.9663467
213,청파동,서울특별시 용산구 청파로43길 57 (청파동3가),서울특별시 용산구 청파동3가 118-232,37.54390092,126.9674667
214,청파동,서울특별시 용산구 원효로97길 50 (청파동3가),서울특별시 용산구 청파동3가 118-102,37.54276369,126.9685851
215,청파동,서울특별시 용산구 청파로85가길 2 (서계동),서울특별시 용산구 서계동 33-44,37.55257746,126.9681025
216,청파동,서울특별시 용산구 청파로43길 15 (청파동3가),서울특별시 용산구 청파동3가 105-2,37.54355938,126.9698444
217,청파동,서울특별시 용산구 효창원로104길 7 (서계동),서울특별시 용산구 서계동 259-2,37.55082791,126.964253
218,청파동,서울특별시 용산구 청파로43라길 36 (청파동3가),서울특별시 용산구 청파동3가 118-78,37.54313752,126.9675216
219,청파동,서울특별시 용산구 청파로43길 4 (청파동3가),서울특별시 용산구 청파동3가 60,37.54360519,126.9704858
220,청파동,서울특별시 용산구 청파로43다길 20 (청파동3가),서울특별시 용산구 청파동3가 121-39,37.54268002,126.9692237
221,청파동,서울특별시 용산구 청파로73길 72 (서계동),서울특별시 용산구 서계동 33-228,37.55186426,126.9672999
222,청파동,서울특별시 용산구 청파로77가길 14 (서계동),서울특별시 용산구 서계동 96-8,37.55155233,126.9678766
223,청파동,서울특별시 용산구 효창원로104다길 13 (서계동),서울특별시 용산구 서계동 252-2,37.55117308,126.9651454
224,청파동,서울특별시 용산구 효창원로104라길 9 (서계동),서울특별시 용산구 서계동 251-42,37.55082262,126.9654982
225,청파동,서울특별시 용산구 청파로93길 27 (서계동),서울특별시 용산구 서계동 227-1,37.55391502,126.9676001
226,청파동,서울특별시 용산구 청파로85길 50 (서계동),서울특별시 용산구 서계동 238-4,37.55290898,126.9662296
227,청파동,서울특별시 용산구 청파로73길 42 (서계동),서울특별시 용산구 서계동 33-202,37.55068192,126.9675362
228,청파동,서울특별시 용산구 청파로83길 11-2 (서계동),서울특별시 용산구 서계동 54-12,37.55205178,126.9685043
229,청파동,서울특별시 용산구 청파로85길 26 (서계동),서울특별시 용산구 서계동 3,37.55275309,126.9675595
230,청파동,서울특별시 용산구 청파로73길 32 (서계동),서울특별시 용산구 서계동 112-1,37.55045296,126.9681161
231,청파동,서울특별시 용산구 만리재로36길 17 (서계동),서울특별시 용산구 서계동 228-31,37.55373141,126.9672448
232,청파동,서울특별시 용산구 청파로 383-8 (서계동),서울특별시 용산구 서계동 223-18,37.55416647,126.9684833
233,청파동,서울특별시 용산구 청파로75길 19 (서계동),서울특별시 용산구 서계동 213,37.55013862,126.9687472
234,청파동,서울특별시 용산구 효창원로104다길 3 (서계동),서울특별시 용산구 서계동 252-10,37.55065097,126.9650245
235,청파동,서울특별시 용산구 청파로85가길 22 (서계동),서울특별시 용산구 서계동 33-84,37.55217113,126.9674801
236,청파동,서울특별시 용산구 청파로85가길 34 (서계동),서울특별시 용산구 서계동 33-125,37.55224449,126.9669007
237,청파동,서울특별시 용산구 효창원로104나길 36 (서계동),서울특별시 용산구 서계동 247-6,37.55172275,126.9657758
238,청파동,서울특별시 용산구 효창원로104가길 21 (서계동),서울특별시 용산구 서계동 245-17,37.55174592,126.9641648
239,청파동,서울특별시 용산구 청파로93길 49-6 (서계동),서울특별시 용산구 서계동 235-8,37.55343,126.9661814
240,청파동,서울특별시 용산구 청파로93길 14 (서계동),서울특별시 용산구 서계동 223-33,37.55445718,126.9680848
241,청파동,서울특별시 용산구 만리재로24길 42 (서계동),서울특별시 용산구 서계동 246-34,37.55204199,126.9654361
242,청파동,서울특별시 용산구 만리재로24가길 4 (서계동),서울특별시 용산구 서계동 257-2,37.55177086,126.9646024
243,청파동,서울특별시 용산구 청파로89길 39-9 (서계동),서울특별시 용산구 서계동 17,37.55288967,126.9668616
244,청파동,서울특별시 용산구 청파로89길 31-20 (서계동),서울특별시 용산구 서계동 10-2,37.55281271,126.9672519
245,원효로1동,서울특별시 용산구 원효로77가길 3 (원효로1가),서울특별시 용산구 원효로1가 17-21,37.53999526,126.9647095
246,원효로1동,서울특별시 용산구 원효로77가길 7-1 (원효로1가),서울특별시 용산구 원효로1가 19-5,37.54006464,126.9648403
247,원효로1동,서울특별시 용산구 백범로 319-1 (원효로1가),서울특별시 용산구 원효로1가 23-34,37.5385678,126.9647315
248,원효로1동,서울특별시 용산구 백범로79길 42 (원효로1가),서울특별시 용산구 원효로1가 17-101,37.54053095,126.9646647
249,원효로1동,서울특별시 용산구 원효로81길 20-14 (원효로1가),서울특별시 용산구 원효로1가 82-2,37.54006954,126.9663203
250,원효로1동,서울특별시 용산구 원효로89길 24 (원효로1가),서울특별시 용산구 원효로1가 12-12,37.54116375,126.9677277
251,원효로1동,서울특별시 용산구 원효로83길 15-2 (원효로1가),서울특별시 용산구 원효로1가 69,37.54039675,126.9674599
252,원효로1동,서울특별시 용산구 원효로81길 3-6 (원효로1가),서울특별시 용산구 원효로1가 28-47,37.53925357,126.9671142
253,원효로1동,서울특별시 용산구 백범로79길 32 (원효로1가),서울특별시 용산구 원효로1가 17-11,37.54014623,126.9643656
254,원효로1동,서울특별시 용산구 백범로77길 61-49 (원효로1가),서울특별시 용산구 원효로1가 13-9,37.54132503,126.9662578
255,원효로1동,서울특별시 용산구 백범로79다길 41 (원효로1가),서울특별시 용산구 원효로1가 17-84,37.54150281,126.967144
256,원효로1동,서울특별시 용산구 원효로77길 53 (원효로1가),서울특별시 용산구 원효로1가 22-1,37.53984201,126.9644345
257,원효로1동,서울특별시 용산구 백범로77길 61-19 (원효로1가),서울특별시 용산구 원효로1가 13-17,37.54097313,126.966408
258,원효로1동,서울특별시 용산구 백범로79다길 21 (원효로1가),서울특별시 용산구 원효로1가 17-30,37.54148942,126.9660729
259,원효로1동,서울특별시 용산구 원효로93길 18-35 (원효로1가),서울특별시 용산구 원효로1가 5-25,37.54160502,126.9686557
260,원효로1동,서울특별시 용산구 원효로93길 13 (원효로1가),서울특별시 용산구 원효로1가 38-1,37.54071617,126.9688682
261,원효로1동,서울특별시 용산구 원효로81길 20-17 (원효로1가),서울특별시 용산구 원효로1가 29-35,37.53962051,126.9664957
262,원효로1동,서울특별시 용산구 백범로79길 8 (원효로1가),서울특별시 용산구 원효로1가 22-10,37.53928838,126.9644161
263,원효로1동,서울특별시 용산구 원효로 189-5 (원효로2가),서울특별시 용산구 원효로2가 74-1,37.53657045,126.9629947
264,원효로1동,서울특별시 용산구 원효로81길 36 (원효로1가),서울특별시 용산구 원효로1가 27-17,37.53916397,126.9661875
265,원효로1동,서울특별시 용산구 원효로81길 30-1 (원효로1가),서울특별시 용산구 원효로1가 30-24,37.53921351,126.9662692
266,원효로1동,서울특별시 용산구 백범로79나길 23 (원효로1가),서울특별시 용산구 원효로1가 13-24,37.54078874,126.9659427
267,원효로1동,서울특별시 용산구 원효로63길 20 (원효로2가),서울특별시 용산구 원효로2가 76-29,37.53745826,126.9636882
268,원효로1동,서울특별시 용산구 원효로77가길 19 (원효로1가),서울특별시 용산구 원효로1가 18-8,37.54033623,126.9655093
269,원효로1동,서울특별시 용산구 원효로 227 (원효로1가),서울특별시 용산구 원효로1가 27-4,37.53863687,126.9668067
270,원효로1동,서울특별시 용산구 백범로81길 22 (원효로1가),서울특별시 용산구 원효로1가 26-38,37.53914142,126.9651137
271,원효로1동,서울특별시 용산구 백범로79다길 15 (원효로1가),서울특별시 용산구 원효로1가 17-139,37.54148341,126.9658158
272,원효로1동,서울특별시 용산구 원효로81길 27 (원효로1가),서울특별시 용산구 원효로1가 29-6,37.5393598,126.9666178
273,원효로1동,서울특별시 용산구 백범로77길 51 (원효로1가),서울특별시 용산구 원효로1가 17-117,37.54044824,126.9660194
274,원효로1동,서울특별시 용산구 원효로81길 18 (원효로1가),서울특별시 용산구 원효로1가 83-14,37.53992255,126.9669071
275,원효로1동,서울특별시 용산구 백범로79나길 13-2 (원효로1가),서울특별시 용산구 원효로1가 13-8,37.5408719,126.9657635
276,원효로1동,서울특별시 용산구 원효로 189-17 (원효로2가),서울특별시 용산구 원효로2가 77-29,37.53691565,126.963053
277,원효로1동,서울특별시 용산구 백범로77길 42 (원효로1가),서울특별시 용산구 원효로1가 30-49,37.54011437,126.9657672
278,원효로1동,서울특별시 용산구 백범로79나길 7 (원효로1가),서울특별시 용산구 원효로1가 17-110,37.54098772,126.9652512
279,원효로1동,서울특별시 용산구 백범로79다길 4 (원효로1가),서울특별시 용산구 원효로1가 17-40,37.54131035,126.9650932
280,원효로1동,서울특별시 용산구 원효로56길 3 (원효로2가),서울특별시 용산구 원효로2가 61-15,37.53564121,126.9629437
281,원효로1동,서울특별시 용산구 원효로53길 8 (원효로2가),서울특별시 용산구 원효로2가 80-19,37.53605066,126.9621273
282,원효로1동,서울특별시 용산구 원효로53가길 22 (원효로2가),서울특별시 용산구 원효로2가 78-4,37.53733699,126.9630863
283,원효로2동,서울특별시 용산구 원효로41가길 31-1 (원효로3가),서울특별시 용산구 원효로3가 169,37.53424458,126.9563423
284,원효로2동,서울특별시 용산구 원효로 103-3 (원효로3가),서울특별시 용산구 원효로3가 277-36,37.53260976,126.9551911
285,원효로2동,서울특별시 용산구 원효로19가길 6 (원효로3가),서울특별시 용산구 원효로3가 242-1,37.53364138,126.9548789
286,원효로2동,서울특별시 용산구 원효로 97 (원효로3가),서울특별시 용산구 원효로3가 250-1,37.53287118,126.9547758
287,원효로2동,서울특별시 용산구 원효로39길 33 (원효로3가),서울특별시 용산구 원효로3가 29-1,37.53492641,126.9582482
288,원효로2동,서울특별시 용산구 효창원로23길 14-2 (신창동),서울특별시 용산구 신창동 77-44,37.53640157,126.9548159
289,원효로2동,서울특별시 용산구 원효로25길 13 (원효로4가),서울특별시 용산구 원효로4가 112-1,37.53247042,126.9534687
290,원효로2동,서울특별시 용산구 효창원로8길 32 (원효로4가),서울특별시 용산구 원효로4가 87-1,37.5333189,126.952408
291,원효로2동,서울특별시 용산구 원효로35가길 1 (원효로3가),서울특별시 용산구 원효로3가 156,37.53399715,126.956376
292,원효로2동,서울특별시 용산구 효창원로12길 7 (원효로4가),서울특별시 용산구 원효로4가 60-1,37.53453498,126.952778
293,원효로2동,서울특별시 용산구 효창원로16가길 34 (원효로3가),서울특별시 용산구 원효로3가 188,37.53391244,126.9556509
294,원효로2동,서울특별시 용산구 효창원로8길 15-11 (원효로4가),서울특별시 용산구 원효로4가 85-6,37.53438001,126.952092
295,원효로2동,서울특별시 용산구 원효로19길 42 (원효로4가),서울특별시 용산구 원효로4가 100,37.53316023,126.9542528
296,원효로2동,서울특별시 용산구 효창원로 46-1 (신창동),서울특별시 용산구 신창동 56-17,37.53536402,126.9542827
297,원효로2동,서울특별시 용산구 원효로39길 27 (원효로3가),서울특별시 용산구 원효로3가 26-3,37.5347407,126.9582288
298,원효로2동,서울특별시 용산구 효창원로23길 3 (신창동),서울특별시 용산구 신창동 80-22,37.5359437,126.9549469
299,원효로2동,서울특별시 용산구 원효로35길 53 (신창동),서울특별시 용산구 신창동 53-1,37.53530903,126.9552031
300,원효로2동,서울특별시 용산구 원효로27길 9 (원효로4가),서울특별시 용산구 원효로4가 108,37.53285265,126.9544792
301,원효로2동,서울특별시 용산구 효창원로 48-27 (신창동),서울특별시 용산구 신창동 56-12,37.53525076,126.9548447
302,원효로2동,서울특별시 용산구 효창원로23길 22 (신창동),서울특별시 용산구 신창동 77-114,37.53672265,126.9543867
303,원효로2동,서울특별시 용산구 원효로41길 3 (원효로3가),서울특별시 용산구 원효로3가 99,37.53411151,126.9578212
304,원효로2동,서울특별시 용산구 원효로35길 40-4 (신창동),서울특별시 용산구 신창동 22,37.53479959,126.9559048
305,원효로2동,서울특별시 용산구 효창원로 46-23 (신창동),서울특별시 용산구 신창동 56-16,37.53520067,126.9542766
306,원효로2동,서울특별시 용산구 효창원로23나길 13 (신창동),서울특별시 용산구 신창동 77-24,37.53711175,126.9548685
307,원효로2동,서울특별시 용산구 효창원로 58 (신창동),서울특별시 용산구 신창동 77-73,37.53597823,126.9555839
308,원효로2동,서울특별시 용산구 효창원로 40 (신창동),서울특별시 용산구 신창동 88-2,37.53528105,126.9536911
309,원효로2동,서울특별시 용산구 효창원로 48-10 (신창동),서울특별시 용산구 신창동 56-13,37.53522552,126.9546538
310,원효로2동,서울특별시 용산구 효창원로23길 6-7 (신창동),서울특별시 용산구 신창동 77-9,37.53636915,126.9551325
311,원효로2동,서울특별시 용산구 효창원로15길 7 (산천동),서울특별시 용산구 산천동 199,37.53568348,126.9531701
312,원효로2동,서울특별시 용산구 효창원로23가길 15 (신창동),서울특별시 용산구 신창동 80-36,37.53575121,126.9541389
313,원효로2동,서울특별시 용산구 효창원로23길 24-7 (신창동),서울특별시 용산구 신창동 82-7,37.53703022,126.9541099
314,원효로2동,서울특별시 용산구 효창원로15길 34-18 (산천동),서울특별시 용산구 산천동 1-16,37.53685084,126.9537265
315,효창동,서울특별시 용산구 백범로45길 23 (효창동),서울특별시 용산구 효창동 5-197,37.54163076,126.9587083
316,효창동,서울특별시 용산구 백범로47가길 39 (효창동),서울특별시 용산구 효창동 5-150,37.54262578,126.9587325
317,효창동,서울특별시 용산구 효창원로69나길 5 (효창동),서울특별시 용산구 효창동 5-164,37.54173895,126.9609955
318,효창동,서울특별시 용산구 효창원로69가길 20-1 (효창동),서울특별시 용산구 효창동 5-330,37.54151702,126.9603452
319,효창동,서울특별시 용산구 백범로51길 23 (효창동),서울특별시 용산구 효창동 130-2,37.54104164,126.9600322
320,효창동,서울특별시 용산구 백범로45길 8 (효창동),서울특별시 용산구 효창동 5-218,37.54120912,126.9583468
321,효창동,서울특별시 용산구 백범로43길 10 (효창동),서울특별시 용산구 효창동 5-268,37.54110351,126.9577115
322,효창동,서울특별시 용산구 백범로47가길 25 (효창동),서울특별시 용산구 효창동 5-194,37.54200171,126.95859
323,효창동,서울특별시 용산구 백범로47나길 8 (효창동),서울특별시 용산구 효창동 5-516,37.54200388,126.9595615
324,효창동,서울특별시 용산구 백범로47길 16 (효창동),서울특별시 용산구 효창동 5-580,37.54094519,126.9590657
325,효창동,서울특별시 용산구 효창원로 146-28 (효창동),서울특별시 용산구 효창동 5-69,37.54138971,126.9637245
326,효창동,서울특별시 용산구 백범로79길 73 (효창동),서울특별시 용산구 효창동 5-677,37.54202055,126.9645042
327,효창동,서울특별시 용산구 백범로47길 31 (효창동),서울특별시 용산구 효창동 5-205,37.54131706,126.959584
328,효창동,서울특별시 용산구 백범로 261 (효창동),서울특별시 용산구 효창동 5-247,37.54058307,126.9587157
329,효창동,서울특별시 용산구 백범로79길 67 (효창동),서울특별시 용산구 효창동 5-682,37.5417311,126.9646825
330,효창동,서울특별시 용산구 효창원로76길 31 (효창동),서울특별시 용산구 효창동 2-41,37.54328149,126.9639363
331,효창동,서울특별시 용산구 백범로47길 48 (효창동),서울특별시 용산구 효창동 5-170,37.54170716,126.9601638
332,효창동,서울특별시 용산구 효창원로69가길 13 (효창동),서울특별시 용산구 효창동 5-252,37.54142378,126.9608607
333,효창동,서울특별시 용산구 백범로 276 (효창동),서울특별시 용산구 효창동 236-1,37.53963908,126.9599568
334,효창동,서울특별시 용산구 백범로45길 27 (효창동),서울특별시 용산구 효창동 5-187,37.5416673,126.9588466
335,효창동,서울특별시 용산구 효창원로69길 50 (효창동),서울특별시 용산구 효창동5-570,37.54283184,126.9598932
336,효창동,서울특별시 용산구 효창원로70길 23-5 (효창동),서울특별시 용산구 효창동 5-724,37.54209079,126.9633758
337,효창동,서울특별시 용산구 효창원로70길 18 (효창동),서울특별시 용산구 효창동 5-47,37.5415666,126.9632427
338,효창동,서울특별시 용산구 효창원로70길 22 (효창동),서울특별시 용산구 효창동 5-46,37.54162647,126.9634068
339,효창동,서울특별시 용산구 효창원로 145-11 (효창동),서울특별시 용산구 효창동 5-542,37.54128012,126.961473
340,효창동,서울특별시 용산구 효창원로64길 2 (효창동),서울특별시 용산구 효창동 5-103,37.54007765,126.9619778
341,효창동,서울특별시 용산구 효창원로66길 18 (효창동),서울특별시 용산구 효창동 5-84,37.54071601,126.9629613
342,효창동,서울특별시 용산구 백범로51길 23 (효창동),서울특별시 용산구 효창동 130-2,37.54104164,126.9600322
343,효창동,서울특별시 용산구 효창원로64길 35-2 (효창동),서울특별시 용산구 효창동 5-89,37.54069451,126.9639383
344,효창동,서울특별시 용산구 효창원로64길 43-3 (효창동),서울특별시 용산구 효창동 5-16,37.54067838,126.9641266
345,효창동,서울특별시 용산구 임정로 54 (효창동),서울특별시 용산구 효창동 255,37.54446658,126.9580706
346,효창동,서울특별시 용산구 백범로79길 61 (효창동),서울특별시 용산구 효창동 5-684,37.54147973,126.9647582
347,효창동,서울특별시 용산구 효창원로66길 29-7 (효창동),서울특별시 용산구 효창동 5-797,37.54130669,126.9634777
348,효창동,서울특별시 용산구 효창원로72길 6 (효창동),서울특별시 용산구 효창동 5-623,37.54192106,126.9626256
349,효창동,서울특별시 용산구 효창원로70길 42 (효창동),서울특별시 용산구 효창동 5-673,37.54203554,126.9641793
350,효창동,서울특별시 용산구 효창원로69길 34 (효창동),서울특별시 용산구 효창동 5-471,37.54240773,126.9605493
351,효창동,서울특별시 용산구 임정로 58 (효창동),서울특별시 용산구 효창동 255,37.54481845,126.9586487
352,효창동,서울특별시 용산구 효창원로66길 40 (효창동),서울특별시 용산구 효창동 5-11,37.54099442,126.9644231
353,효창동,서울특별시 용산구 임정로 54 (효창동),서울특별시 용산구 효창동 255,37.54446658,126.9580706
354,효창동,서울특별시 용산구 효창원로69길 65-1 (효창동),서울특별시 용산구 효창동 5-152,37.54264216,126.9591088
355,효창동,서울특별시 용산구 효창원로62가길 12 (효창동),서울특별시 용산구 효창동 11-2,37.53925733,126.9623718
356,효창동,서울특별시 용산구 임정로 83-1 (효창동),서울특별시 용산구 효창동 3-148,37.54650894,126.9602151
357,효창동,서울특별시 용산구 임정로 35 (효창동),서울특별시 용산구 효창동 3-117,37.54315003,126.9586033
358,효창동,서울특별시 용산구 효창원로72길 12 (효창동),서울특별시 용산구 효창동 5-24,37.54203341,126.9626331
359,효창동,서울특별시 용산구 효창원로69길 52-1 (효창동),서울특별시 용산구 효창동 5-732,37.54306047,126.9596298
360,효창동,서울특별시 용산구 임정로 7-1 (효창동),서울특별시 용산구 효창동 5-124,37.54237439,126.9610812
361,효창동,서울특별시 용산구 임정로 63 (효창동),서울특별시 용산구 효창동 3-169,37.54530653,126.9581144
362,효창동,서울특별시 용산구 백범로45길 9-5 (효창동),서울특별시 용산구 효창동 5-264,37.54128398,126.9579176
363,효창동,서울특별시 용산구 임정로 93 (효창동),서울특별시 용산구 효창동 3-59,37.54694262,126.9609099
364,용문동,서울특별시 용산구 효창원로48길 6 (용문동),서울특별시 용산구 용문동 8-29,37.53757596,126.9609064
365,용문동,서울특별시 용산구 효창원로25나길 36 (용문동),서울특별시 용산구 용문동 38-87,37.53776736,126.9563801
366,용문동,서울특별시 용산구 효창원로25다길 33 (용문동),서울특별시 용산구 용문동 38-248,37.53795121,126.9570657
367,용문동,서울특별시 용산구 효창원로51길 8 (용문동),서울특별시 용산구 용문동 29-33,37.53837595,126.9603513
368,용문동,서울특별시 용산구 효창원로37길 28 (용문동),서울특별시 용산구 용문동 38-6,37.53794895,126.9590953
369,용문동,서울특별시 용산구 효창원로37나길 1 (용문동),서울특별시 용산구 용문동 38-175,37.53715622,126.9584757
370,용문동,서울특별시 용산구 새창로 93 (용문동),서울특별시 용산구 용문동 32-48,37.53904697,126.9597817
371,용문동,서울특별시 용산구 효창원로55길 11 (용문동),서울특별시 용산구 용문동 29-9,37.53865343,126.960274
372,용문동,서울특별시 용산구 원효로71길 33 (용문동),서울특별시 용산구 용문동 2-4,37.53805721,126.9633034
373,용문동,서울특별시 용산구 효창원로37길 1 (용문동),서울특별시 용산구 용문동 38-191,37.5369257,126.9582532
374,용문동,서울특별시 용산구 효창원로25다길 24 (용문동),서울특별시 용산구 용문동 38-159,37.53744678,126.9571375
375,용문동,서울특별시 용산구 효창원로37길 19 (용문동),서울특별시 용산구 용문동 38-142,37.53771303,126.9586777
376,용문동,서울특별시 용산구 효창원로25나길 2-32 (용문동),서울특별시 용산구 용문동38-269,37.53788923,126.9564988
377,용문동,서울특별시 용산구 효창원로25나길 2-14 (용문동),서울특별시 용산구 용문동 38-109,37.53708968,126.956441
378,용문동,서울특별시 용산구 새창로 84 (도원동),서울특별시 용산구 도원동 1-34,37.53924139,126.958582
379,용문동,서울특별시 용산구 효창원로39길 10 (용문동),서울특별시 용산구 용문동 38-29,37.53726776,126.958996
380,용문동,서울특별시 용산구 새창로 93 (용문동),서울특별시 용산구 용문동 32-48,37.53904697,126.9597817
381,한강로동,서울특별시 용산구 한강대로50길 37 (한강로2가),서울특별시 용산구 한강로2가 52-4,37.53126878,126.9727918
382,한강로동,서울특별시 용산구 한강대로54길 30 (한강로1가),서울특별시 용산구 한강로1가 217,37.53234423,126.9732616
383,한강로동,서울특별시 용산구 한강대로40길 47 (한강로2가),서울특별시 용산구 한강로2가 70,37.53019964,126.9719445
384,한강로동,서울특별시 용산구 한강대로52길 17-9 (한강로2가),서울특별시 용산구 한강로2가 29-1,37.53243588,126.9722781
385,한강로동,서울특별시 용산구 한강대로62길 45-10 (한강로1가),서울특별시 용산구 한강로1가 216-15,37.53253848,126.973736
386,한강로동,서울특별시 용산구 한강대로7길 9-8 (한강로3가),서울특별시 용산구 한강로3가 40-345,37.52413765,126.9619307
387,한강로동,서울특별시 용산구 한강대로21길 17-7 (한강로3가),서울특별시 용산구 한강로3가 40-132,37.52649686,126.96393
388,한강로동,서울특별시 용산구 한강대로50길 15-5 (한강로2가),서울특별시 용산구 한강로2가 44-1,37.53198355,126.9719267
389,한강로동,서울특별시 용산구 서빙고로 40 (한강로3가),서울특별시 용산구 한강로3가 65-426,37.5239913,126.9687394
390,한강로동,서울특별시 용산구 한강대로62길 55-3 (한강로1가),서울특별시 용산구 한강로1가 216-19,37.53227069,126.9737968
391,한강로동,서울특별시 용산구 한강대로11길 40 (한강로3가),서울특별시 용산구 한강로3가 40-500,37.52596551,126.9617959
392,한강로동,서울특별시 용산구 한강대로38가길 15 (한강로2가),서울특별시 용산구 한강로2가 152-1,37.52978449,126.9703585
393,한강로동,서울특별시 용산구 한강대로14가길 55 (한강로3가),서울특별시 용산구 한강로3가 65-86,37.52263643,126.9636545
394,한강로동,서울특별시 용산구 이촌로37길 17 (한강로3가),서울특별시 용산구 한강로3가 40-537,37.52349246,126.9610092
395,한강로동,서울특별시 용산구 한강대로14나길 16 (한강로3가),서울특별시 용산구 한강로3가 65-18,37.52269092,126.964764
396,한강로동,서울특별시 용산구 한강대로44길 17-4 (한강로2가),서울특별시 용산구 한강로2가 82-1,37.53092284,126.9712443
397,한강로동,서울특별시 용산구 한강대로7길 30 (한강로3가),서울특별시 용산구 한강로3가 40-302,37.52488805,126.9614997
398,한강로동,서울특별시 용산구 한강대로21가길 37 (한강로3가),서울특별시 용산구 한강로3가 40-493,37.52616734,126.9619763
399,한강로동,서울특별시 용산구 한강대로62길 77 (용산동3가),서울특별시 용산구 용산동3가 5-42,37.53141324,126.9734615
400,한강로동,서울특별시 용산구 한강대로14가길 43 (한강로3가),서울특별시 용산구 한강로3가 65-55,37.5229799,126.964026
401,한강로동,서울특별시 용산구 한강대로38길 11-8 (한강로2가),서울특별시 용산구 한강로2가 157-1,37.52977943,126.9698051
402,한강로동,서울특별시 용산구 한강대로40길 39-14 (한강로2가),서울특별시 용산구 한강로2가 65,37.53050751,126.9721222
403,한강로동,서울특별시 용산구 이태원로4가길 4 (용산동3가),서울특별시 용산구 용산동3가 1-40,37.53369871,126.9753186
404,한강로동,서울특별시 용산구 서빙고로20길 13 (한강로3가),서울특별시 용산구 한강로3가 65-387,37.52378068,126.9679038
405,한강로동,서울특별시 용산구 한강대로21가길 57 (한강로3가),서울특별시 용산구 한강로3가 40-3,37.5255107,126.9613882
406,한강로동,서울특별시 용산구 한강대로14길 37 (한강로3가),서울특별시 용산구 한강로3가 65-7,37.5244053,126.9663017
407,한강로동,서울특별시 용산구 이촌로29길 5-4 (한강로3가),서울특별시 용산구 한강로3가 40-73,37.52446376,126.9593147
408,한강로동,서울특별시 용산구 한강대로21길 29 (한강로3가),서울특별시 용산구 한강로3가 40-430,37.52707827,126.9635853
409,이촌2동,서울특별시 용산구 이촌로 26 (이촌동),서울특별시 용산구 이촌동 210-1,37.52933901,126.9542679
410,이촌2동,서울특별시 용산구 이촌로14길 11-22 (이촌동),서울특별시 용산구 이촌동 206-1,37.5268853,126.9543933
411,이촌2동,서울특별시 용산구 이촌로18길 9 (이촌동),서울특별시 용산구 이촌동 203-33,37.5262212,126.9554136
412,이촌2동,서울특별시 용산구 이촌로22길 19-23 (이촌동),서울특별시 용산구 이촌동 199-41,37.52449123,126.9566263
413,이촌2동,서울특별시 용산구 이촌로14길 16 (이촌동),서울특별시 용산구 이촌동 209-22,37.52788085,126.9545784
414,이촌2동,서울특별시 용산구 이촌로14길 16 (이촌동),서울특별시 용산구 이촌동 209-23,37.52788085,126.9545784
415,이촌2동,서울특별시 용산구 이촌로2가길 46 (이촌동),서울특별시 용산구 이촌동 208-2,37.52817778,126.9537154
416,이촌2동,서울특별시 용산구 이촌로2가길 36 (이촌동),서울특별시 용산구 이촌동 211-2,37.52930054,126.9535769
417,이촌2동,서울특별시 용산구 이촌로 38 (이촌동),서울특별시 용산구 이촌동 209-1,37.52830977,126.954396
418,이촌2동,서울특별시 용산구 이촌로22길 20 (이촌동),서울특별시 용산구 이촌동 203-61,37.52530985,126.9555907
419,이촌2동,서울특별시 용산구 이촌로 38 (이촌동),서울특별시 용산구 이촌동 209-1,37.52830977,126.954396
420,이촌2동,서울특별시 용산구 이촌로22길 13-22 (이촌동),서울특별시 용산구 이촌동 199-39,37.52459083,126.9566778
421,이촌2동,서울특별시 용산구 이촌로2가길 36 (이촌동),서울특별시 용산구 이촌동 211-2,37.52930054,126.9535769
422,이촌2동,서울특별시 용산구 이촌로2가길 122 (이촌동),서울특별시 용산구 이촌동 395,37.52489532,126.9552108
423,이촌2동,서울특별시 용산구 이촌로2가길 36 (이촌동),서울특별시 용산구 이촌동 211-2,37.52930054,126.9535769
424,이촌2동,서울특별시 용산구 이촌로 38 (이촌동),서울특별시 용산구 이촌동 209-1,37.52830977,126.954396
425,이촌2동,서울특별시 용산구 이촌로2가길 36 (이촌동),서울특별시 용산구 이촌동 211-2,37.52930054,126.9535769
426,이태원1동,서울특별시 용산구 녹사평대로26가길 32 (이태원동),서울특별시 용산구 이태원동 79-9,37.53252811,126.9932979
427,이태원1동,서울특별시 용산구 녹사평대로26나길 15 (이태원동),서울특별시 용산구 이태원동 96-115,37.53221164,126.9937516
428,이태원1동,서울특별시 용산구 이태원로26길 16-6 (이태원동),서울특별시 용산구 이태원동 73-6,37.53343206,126.9931947
429,이태원1동,서울특별시 용산구 녹사평대로26길 51 (이태원동),서울특별시 용산구 이태원동 83-1,37.53193249,126.9926689
430,이태원1동,서울특별시 용산구 보광로55길 15 (이태원동),서울특별시 용산구 이태원동 180-21,37.53291005,126.9935578
431,이태원1동,서울특별시 용산구 우사단로10길 3 (이태원동),서울특별시 용산구 이태원동 137-54,37.53312913,126.9958473
432,이태원1동,서울특별시 용산구 녹사평대로40다길 27 (이태원동),서울특별시 용산구 이태원동 452-11,37.53561506,126.9894977
433,이태원1동,서울특별시 용산구 보광로 90 (이태원동),서울특별시 용산구 이태원동 21-1,37.53113067,126.9957656
434,이태원1동,서울특별시 용산구 녹사평대로40길 33 (이태원동),서울특별시 용산구 이태원동 552,37.53470481,126.9877099
435,이태원1동,서울특별시 용산구 이태원로19길 46 (이태원동),서울특별시 용산구 이태원동 151-24,37.53635451,126.9918791
436,이태원1동,서울특별시 용산구 녹사평대로40다길 54 (이태원동),서울특별시 용산구 이태원동 155-10,37.5363821,126.9905455
437,이태원1동,서울특별시 용산구 녹사평대로32길 69-5 (이태원동),서울특별시 용산구 이태원동 44-77,37.53184221,126.9915209
438,이태원1동,서울특별시 용산구 우사단로 25 (이태원동),서울특별시 용산구 이태원동 96-3,37.53235274,126.9955498
439,이태원1동,서울특별시 용산구 녹사평대로40다길 43 (이태원동),서울특별시 용산구 이태원동 191-1,37.53616935,126.9900618
440,이태원1동,서울특별시 용산구 이태원로20길 31 (이태원동),서울특별시 용산구 이태원동 730,37.53317103,126.99259
441,이태원2동,서울특별시 용산구 녹사평대로40길 31 (이태원동),서울특별시 용산구 이태원동 549,37.534787,126.9875987
442,이태원2동,서울특별시 용산구 회나무로13길 20-8 (이태원동),서울특별시 용산구 이태원동 254-23,37.54049633,126.9898844
443,이태원2동,서울특별시 용산구 녹사평대로 208-1 (이태원동),서울특별시 용산구 이태원동 532,37.53630244,126.9872215
444,이태원2동,서울특별시 용산구 회나무로42길 51 (이태원동),서울특별시 용산구 이태원동 230-13,37.53967103,126.9936589
445,이태원2동,서울특별시 용산구 회나무로13길 12-1 (이태원동),서울특별시 용산구 이태원동 225-102,37.53997217,126.9896912
446,이태원2동,서울특별시 용산구 회나무로21길 7 (이태원동),서울특별시 용산구 이태원동 252-1,37.54011564,126.9907997
447,이태원2동,서울특별시 용산구 녹사평대로42길 37 (이태원동),서울특별시 용산구 이태원동 361,37.53659479,126.9885918
448,이태원2동,서울특별시 용산구 녹사평대로46길 45 (이태원동),서울특별시 용산구 이태원동 292-3,37.53802149,126.9889652
449,이태원2동,서울특별시 용산구 회나무로13나길 5 (이태원동),서울특별시 용산구 이태원동 255-17,37.54138854,126.990111
450,이태원2동,서울특별시 용산구 녹사평대로46가길 39 (이태원동),서울특별시 용산구 이태원동 193-49,37.53664452,126.9900001
451,이태원2동,서울특별시 용산구 녹사평대로40나길 38-23 (이태원동),서울특별시 용산구 이태원동 404-31,37.53585922,126.9895115
452,이태원2동,서울특별시 용산구 회나무로28길 23 (이태원동),서울특별시 용산구 이태원동 209-2,37.53945427,126.9926683
453,이태원2동,서울특별시 용산구 회나무로41길 33 (이태원동),서울특별시 용산구 이태원동 258-48,37.54183741,126.9945562
454,이태원2동,서울특별시 용산구 회나무로26길 26 (이태원동),서울특별시 용산구 이태원동 225-24,37.53925444,126.990516
455,이태원2동,서울특별시 용산구 소월로40길 20 (이태원동),서울특별시 용산구 이태원동 260-461,37.54277095,126.9907003
456,이태원2동,서울특별시 용산구 녹사평대로40나길 24 (이태원동),서울특별시 용산구 이태원동 451-25,37.5354474,126.9885961
457,이태원2동,서울특별시 용산구 녹사평대로42길 31 (이태원동),서울특별시 용산구 이태원동 355,37.53661101,126.9883061
458,이태원2동,서울특별시 용산구 회나무로44가길 94 (이태원동),서울특별시 용산구 이태원동 199-8,37.5375281,126.991198
459,이태원2동,서울특별시 용산구 소월로44길 11 (이태원동),서울특별시 용산구 이태원동 258-198,37.54240299,126.9929505
460,이태원2동,서울특별시 용산구 회나무로12나길 34 (이태원동),서울특별시 용산구 이태원동 203-15,37.53780884,126.9917939
461,이태원2동,서울특별시 용산구 회나무로44나길 32 (이태원동),서울특별시 용산구 이태원동 205-41,37.53749529,126.9925058
462,이태원2동,서울특별시 용산구 소월로40길 56 (이태원동),서울특별시 용산구 이태원동 260-53,37.54181705,126.9919891
463,이태원2동,서울특별시 용산구 회나무로42길 41 (이태원동),서울특별시 용산구 이태원동 5-37,37.53982949,126.994236
464,이태원2동,서울특별시 용산구 소월로38가길 7-1 (이태원동),서울특별시 용산구 이태원동 261-42,37.54309751,126.9905034
465,이태원2동,서울특별시 용산구 소월로 310-6 (이태원동),서울특별시 용산구 이태원동 258-24,37.54149426,126.9957375
466,이태원2동,서울특별시 용산구 녹사평대로46길 60 (이태원동),서울특별시 용산구 이태원동 217-3,37.53795288,126.9897693
467,이태원2동,서울특별시 용산구 회나무로28길 13 (이태원동),서울특별시 용산구 이태원동 211-9,37.53937476,126.9921944
468,이태원2동,서울특별시 용산구 회나무로44가길 104 (이태원동),서울특별시 용산구 이태원동 198-26,37.53727675,126.9907009
469,이태원2동,서울특별시 용산구 회나무로13가길 37-6 (이태원동),서울특별시 용산구 이태원동 260-38,37.5411882,126.9918231
470,이태원2동,서울특별시 용산구 회나무로13나길 23 (이태원동),서울특별시 용산구 이태원동 260-119,37.54144919,126.9911828
471,이태원2동,서울특별시 용산구 소월로38가길 5 (이태원동),서울특별시 용산구 이태원동 261-9,37.54322196,126.9902642
472,이태원2동,서울특별시 용산구 회나무로42길 9 (이태원동),서울특별시 용산구 이태원동 4-10,37.54049493,126.995806
473,이태원2동,서울특별시 용산구 회나무로35길 12 (이태원동),서울특별시 용산구 이태원동 246-17,37.54071923,126.9935576
474,이태원2동,서울특별시 용산구 녹사평대로46길 21 (이태원동),서울특별시 용산구 이태원동 340-3,37.53729278,126.9880192
475,이태원2동,서울특별시 용산구 회나무로12나길 20 (이태원동),서울특별시 용산구 이태원동 201-29,37.53804786,126.9912014
476,이태원2동,서울특별시 용산구 회나무로44길 52 (이태원동),서울특별시 용산구 이태원동 234-4,37.53908259,126.9952152
477,이태원2동,서울특별시 용산구 회나무로13가길 67 (이태원동),서울특별시 용산구 이태원동 257-1,37.54101417,126.9932657
478,이태원2동,서울특별시 용산구 회나무로 40 (이태원동),서울특별시 용산구 이태원동 225-159,37.5395615,126.9909782
479,한남동,서울특별시 용산구 한남대로10길 6 (한남동),서울특별시 용산구 한남동 381,37.53119313,127.0099651
480,한남동,서울특별시 용산구 한남대로8길 6-25 (한남동),서울특별시 용산구 한남동 431,37.53089654,127.0110662
481,한남동,서울특별시 용산구 우사단로10길 41 (한남동),서울특별시 용산구 한남동 732-150,37.53300166,126.9980136
482,한남동,서울특별시 용산구 독서당로14길 73-4 (한남동),서울특별시 용산구 한남동 469-1,37.53000779,127.0095004
483,한남동,서울특별시 용산구 독서당로8길 14 (한남동),서울특별시 용산구 한남동 118-1,37.53083053,127.0084693
484,한남동,서울특별시 용산구 한남대로10길 34 (한남동),서울특별시 용산구 한남동 343,37.53213266,127.0092572
485,한남동,서울특별시 용산구 독서당로14길 37 (한남동),서울특별시 용산구 한남동 157,37.5315551,127.0084226
486,한남동,서울특별시 용산구 한남대로36길 54 (한남동),서울특별시 용산구 한남동 726-111,37.5428531,127.0053611
487,한남동,서울특별시 용산구 한남대로10길 58-14 (한남동),서울특별시 용산구 한남동 318-10,37.5327216,127.0088057
488,한남동,서울특별시 용산구 한남대로28길 12 (한남동),서울특별시 용산구 한남동 724-1,37.5382319,127.0052772
489,한남동,서울특별시 용산구 한남대로20길 41-4 (한남동),서울특별시 용산구 한남동 31-12,37.53502666,127.0095221
490,한남동,서울특별시 용산구 한남대로 60 (한남동),서울특별시 용산구 한남동 72-1,37.53448686,127.008195
491,한남동,서울특별시 용산구 독서당로6길 32 (한남동),서울특별시 용산구 한남동 508,37.52996676,127.0087208
492,한남동,서울특별시 용산구 대사관로11길 51 (한남동),서울특별시 용산구 한남동 684-63,37.53587204,127.0013952
493,한남동,서울특별시 용산구 한남대로28가길 31-5 (한남동),서울특별시 용산구 한남동 712-1,37.53713398,127.0065526
494,한남동,서울특별시 용산구 이태원로54길 74 (한남동),서울특별시 용산구 한남동 684-51,37.53525092,127.0009814
495,한남동,서울특별시 용산구 독서당로 89 (한남동),서울특별시 용산구 한남동 32-17,37.53476633,127.0102798
496,한남동,서울특별시 용산구 독서당로 22 (한남동),서울특별시 용산구 한남동 522-1,37.53015966,127.007808
497,한남동,서울특별시 용산구 한남대로36길 54 (한남동),서울특별시 용산구 한남동 726-111,37.5428531,127.0053611
498,한남동,서울특별시 용산구 한남대로 60 (한남동),서울특별시 용산구 한남동 72-1,37.53448686,127.008195
499,한남동,서울특별시 용산구 우사단로14길 64 (한남동),서울특별시 용산구 한남동 732-181,37.53441933,126.99862
500,한남동,서울특별시 용산구 대사관로11길 15 (한남동),서울특별시 용산구 한남동 657-26,37.53444062,127.0015504
501,한남동,서울특별시 용산구 한남대로46길 30 (한남동),서울특별시 용산구 한남동 791-15,37.54386272,127.0025
502,한남동,서울특별시 용산구 한남대로46길 46 (한남동),서울특별시 용산구 한남동 726-513,37.54448357,127.0026073
503,한남동,서울특별시 용산구 이태원로54길 31 (한남동),서울특별시 용산구 한남동 684-62,37.53704216,127.0019609
504,한남동,서울특별시 용산구 한남대로40길 32 (한남동),서울특별시 용산구 한남동 726-250,37.54327535,127.0037629
505,한남동,서울특별시 용산구 한남대로40길 51 (한남동),서울특별시 용산구 한남동 726-343,37.54415537,127.0035792
506,한남동,서울특별시 용산구 대사관로 23 (한남동),서울특별시 용산구 한남동 657-33,37.53396872,127.0009747
507,한남동,서울특별시 용산구 한남대로46길 6 (한남동),서울특별시 용산구 한남동 792-4,37.54283909,127.0023962
508,한남동,서울특별시 용산구 우사단로10길 39-96 (한남동),서울특별시 용산구 한남동 732-19,37.53415261,126.9980903
509,한남동,서울특별시 용산구 한남대로40길 63 (한남동),서울특별시 용산구 한남동 726-339,37.54460374,127.0033088
510,한남동,서울특별시 용산구 한남대로28나길 6 (한남동),서울특별시 용산구 한남동 723-23,37.53805803,127.0057913
511,한남동,서울특별시 용산구 한남대로27길 42 (한남동),서울특별시 용산구 한남동 809,37.538754,127.0033634
512,한남동,서울특별시 용산구 대사관로7길 5 (한남동),서울특별시 용산구 한남동 684-85,37.53446392,127.0006541
513,한남동,서울특별시 용산구 한남대로40길 22 (한남동),서울특별시 용산구 한남동 726-90,37.54290705,127.0034561
514,한남동,서울특별시 용산구 한남대로42가길 51 (한남동),서울특별시 용산구 한남동 726-402,37.54516568,127.002872
515,한남동,서울특별시 용산구 한남대로40길 85 (한남동),서울특별시 용산구 한남동 726-322,37.54541968,127.0027882
516,한남동,서울특별시 용산구 대사관로20길 32 (한남동),서울특별시 용산구 한남동 653-66,37.5327172,127.0029545
517,한남동,서울특별시 용산구 한남대로27길 83 (한남동),서울특별시 용산구 한남동 727-1,37.54026168,127.0032065
518,한남동,서울특별시 용산구 한남대로36길 54 (한남동),서울특별시 용산구 한남동 726-111,37.5428531,127.0053611
519,한남동,서울특별시 용산구 이태원로42길 46-1 (한남동),서울특별시 용산구 한남동 683-41,37.53661732,127.0010595
520,한남동,서울특별시 용산구 한남대로27길 19 (한남동),서울특별시 용산구 한남동 696-3,37.53768862,127.0034509
521,서빙고동,서울특별시 용산구 서빙고로65길 14 (서빙고동),서울특별시 용산구 서빙고동 130,37.52084145,126.9945153
522,서빙고동,서울특별시 용산구 서빙고로59길 11 (서빙고동),서울특별시 용산구 서빙고동 195-14,37.52066893,126.9932458
523,서빙고동,서울특별시 용산구 서빙고로 237 (서빙고동),서울특별시 용산구 서빙고동 235-81,37.52054258,126.9902542
524,서빙고동,서울특별시 용산구 서빙고로 285 (서빙고동),서울특별시 용산구 서빙고동 138,37.5206459,126.9951442
525,서빙고동,서울특별시 용산구 서빙고로75길 29 (동빙고동),서울특별시 용산구 동빙고동 80,37.52251502,126.9969407
526,서빙고동,서울특별시 용산구 서빙고로71길 16 (동빙고동),서울특별시 용산구 동빙고동 151-3,37.52149771,126.9958117
527,서빙고동,서울특별시 용산구 서빙고로71길 37-3 (동빙고동),서울특별시 용산구 동빙고동 202,37.52235885,126.9952277
528,서빙고동,서울특별시 용산구 서빙고로65길 30 (서빙고동),서울특별시 용산구 서빙고동 110,37.52144639,126.9942807
529,서빙고동,서울특별시 용산구 녹사평대로11길 44 (서빙고동),서울특별시 용산구 서빙고동 174,37.52141444,126.9934522
530,서빙고동,서울특별시 용산구 서빙고로59길 3-6 (서빙고동),서울특별시 용산구 서빙고동 195-3,37.5204673,126.9931788
531,서빙고동,서울특별시 용산구 서빙고로57길 6 (서빙고동),서울특별시 용산구 서빙고동 198-3,37.52033236,126.9929241
532,서빙고동,서울특별시 용산구 서빙고로91라길 15 (동빙고동),서울특별시 용산구 동빙고동 28-40,37.5253731,126.9967747
533,서빙고동,서울특별시 용산구 녹사평대로11가길 19 (서빙고동),서울특별시 용산구 서빙고동 4-28,37.52210123,126.9928444
534,서빙고동,서울특별시 용산구 장문로9길 25 (동빙고동),서울특별시 용산구 동빙고동 1-39,37.52820347,126.9954187
535,서빙고동,서울특별시 용산구 서빙고로51가길 9 (서빙고동),서울특별시 용산구 서빙고동 4-107,37.52238393,126.9914309
536,서빙고동,서울특별시 용산구 서빙고로73길 37 (동빙고동),서울특별시 용산구 동빙고동 56-3,37.52260347,126.995775
537,서빙고동,서울특별시 용산구 서빙고로67길 48-10 (동빙고동),서울특별시 용산구 동빙고동 250-3,37.52288862,126.9946993
538,서빙고동,서울특별시 용산구 서빙고로65길 38 (서빙고동),서울특별시 용산구 서빙고동 91,37.52181149,126.9943579
539,서빙고동,서울특별시 용산구 서빙고로91나길 96 (동빙고동),서울특별시 용산구 동빙고동 28-15,37.52494599,126.9961516
540,서빙고동,서울특별시 용산구 서빙고로73길 20 (동빙고동),서울특별시 용산구 동빙고동 129,37.52184742,126.9959483
541,서빙고동,서울특별시 용산구 서빙고로59길 7 (서빙고동),서울특별시 용산구 서빙고동 195-2,37.52048182,126.9932885
542,서빙고동,서울특별시 용산구 서빙고로67길 62 (동빙고동),서울특별시 용산구 동빙고동 252-3,37.52317683,126.9941498
543,서빙고동,서울특별시 용산구 서빙고로67길 20 (동빙고동),서울특별시 용산구 동빙고동 191-2,37.52149709,126.9951442
544,서빙고동,서울특별시 용산구 서빙고로57길 24 (서빙고동),서울특별시 용산구 서빙고동 198-8,37.52041992,126.992086
545,서빙고동,서울특별시 용산구 장문로 64 (동빙고동),서울특별시 용산구 동빙고동 1-7,37.52612057,126.9966074
546,서빙고동,서울특별시 용산구 서빙고로91나길 85 (동빙고동),서울특별시 용산구 동빙고동 21-2,37.52450654,126.9960836
547,서빙고동,서울특별시 용산구 녹사평대로14길 7 (동빙고동),서울특별시 용산구 동빙고동 7-40,37.52360161,126.9940045
548,서빙고동,서울특별시 용산구 장문로9길 61 (동빙고동),서울특별시 용산구 동빙고동 1-76,37.52691189,126.9967447
549,서빙고동,서울특별시 용산구 서빙고로75길 5 (동빙고동),서울특별시 용산구 동빙고동 100,37.52149801,126.9967001
550,서빙고동,서울특별시 용산구 장문로 41 (동빙고동),서울특별시 용산구 동빙고동 1-66,37.52774762,126.9949947
551,서빙고동,서울특별시 용산구 녹사평대로14길 20-1 (동빙고동),서울특별시 용산구 동빙고동 253-2,37.52312247,126.9945074
552,서빙고동,서울특별시 용산구 서빙고로67길 32 (동빙고동),서울특별시 용산구 동빙고동 239-10,37.52193446,126.9947174
553,서빙고동,서울특별시 용산구 서빙고로91나길 5-1 (주성동),서울특별시 용산구 주성동 50-10,37.52192846,126.9981315
554,서빙고동,서울특별시 용산구 서빙고로91나길 73 (동빙고동),서울특별시 용산구 동빙고동 42-3,37.52395375,126.9964217
555,서빙고동,서울특별시 용산구 서빙고로91다길 12 (동빙고동),서울특별시 용산구 동빙고동 33-15,37.52414237,126.9977501
556,서빙고동,서울특별시 용산구 서빙고로91가길 8-9 (주성동),서울특별시 용산구 주성동 28-1,37.52295143,126.9995142
557,서빙고동,서울특별시 용산구 서빙고로71길 72 (동빙고동),서울특별시 용산구 동빙고동 45-1,37.52358063,126.9959958
558,서빙고동,서울특별시 용산구 서빙고로91나길 30 (주성동),서울특별시 용산구 주성동 45-7,37.52299656,126.9980358
559,서빙고동,서울특별시 용산구 장문로6길 93 (동빙고동),서울특별시 용산구 동빙고동 1-52,37.52616864,126.9961199
560,서빙고동,서울특별시 용산구 서빙고로75가길 6 (동빙고동),서울특별시 용산구 동빙고동 74,37.52228699,126.9966058
561,서빙고동,서울특별시 용산구 서빙고로91나길 16-10 (주성동),서울특별시 용산구 주성동 42-4,37.52247872,126.9987165
562,서빙고동,서울특별시 용산구 서빙고로91가길 23 (주성동),서울특별시 용산구 주성동 43-17,37.52298187,126.9985799
563,서빙고동,서울특별시 용산구 서빙고로91나길 8 (주성동),서울특별시 용산구 주성동 50-8,37.5221351,126.9981658
564,서빙고동,서울특별시 용산구 서빙고로91다길 34 (동빙고동),서울특별시 용산구 동빙고동 32-24,37.52461328,126.996749
565,서빙고동,서울특별시 용산구 서빙고로91가길 11 (주성동),서울특별시 용산구 주성동 34-2,37.52271366,126.9990756
566,서빙고동,서울특별시 용산구 서빙고로79길 4 (주성동),서울특별시 용산구 주성동 59,37.52185192,126.9975934
567,보광동,서울특별시 용산구 장문로19길 21 (보광동),서울특별시 용산구 보광동 371-1,37.52637956,126.998644
568,보광동,서울특별시 용산구 서빙고로97길 2-7 (보광동),서울특별시 용산구 보광동 35-5,37.52672488,127.0035071
569,보광동,서울특별시 용산구 보광로23길 21 (보광동),서울특별시 용산구 보광동 231-68,37.52754406,126.9983957
570,보광동,서울특별시 용산구 서빙고로91라길 30 (보광동),서울특별시 용산구 보광동 199-1,37.52494151,126.9975538
571,보광동,서울특별시 용산구 장문로 117 (보광동),서울특별시 용산구 보광동 75-1,37.52701136,127.0022998
572,보광동,서울특별시 용산구 서빙고로97길 2-3 (보광동),서울특별시 용산구 보광동 35-50,37.52650233,127.0032479
573,보광동,서울특별시 용산구 장문로15길 15 (보광동),서울특별시 용산구 보광동 228-98,37.52695761,126.9970377
574,보광동,서울특별시 용산구 우사단로2나길 3-9 (보광동),서울특별시 용산구 보광동 265-665,37.52974848,126.999691
575,보광동,서울특별시 용산구 보광로7길 3 (보광동),서울특별시 용산구 보광동 81-5,37.52579479,127.0008608
576,보광동,서울특별시 용산구 보광로32길 6 (보광동),서울특별시 용산구 보광동 241-6,37.52951984,126.9982097
577,보광동,서울특별시 용산구 장문로 72 (보광동),서울특별시 용산구 보광동 210-8,37.52585995,126.9975406
578,보광동,서울특별시 용산구 보광로 72-1 (보광동),서울특별시 용산구 보광동 238-19,37.53023388,126.9972647
579,보광동,서울특별시 용산구 장문로 87-1 (보광동),서울특별시 용산구 보광동 217-7,37.52619962,126.999361
580,보광동,서울특별시 용산구 서빙고로91라길 33 (보광동),서울특별시 용산구 보광동 209-34,37.52515984,126.9976856
581,보광동,서울특별시 용산구 우사단로4라길 17 (보광동),서울특별시 용산구 보광동 265-162,37.53081811,127.0000116
582,보광동,서울특별시 용산구 우사단로2길 55 (보광동),서울특별시 용산구 보광동 265-130,37.52969721,126.9996078
583,보광동,서울특별시 용산구 장문로 104 (보광동),서울특별시 용산구 보광동 448,37.52609919,127.001241
584,보광동,서울특별시 용산구 우사단로2가길 20 (보광동),서울특별시 용산구 보광동 265-348,37.53034271,127.0000815
585,보광동,서울특별시 용산구 보광로31길 21-35 (보광동),서울특별시 용산구 보광동 231-103,37.52822428,126.9979666
586,보광동,서울특별시 용산구 장문로 112 (보광동),서울특별시 용산구 보광동 70-19,37.52639205,127.0019617
587,보광동,서울특별시 용산구 보광로7길 42 (보광동),서울특별시 용산구 보광동 216-33,37.52572136,126.9986966
588,보광동,서울특별시 용산구 장문로17길 14 (보광동),서울특별시 용산구 보광동 382,37.52636776,126.9977817
589,보광동,서울특별시 용산구 보광로31길 6 (보광동),서울특별시 용산구 보광동 243-13,37.52905321,126.9976267
590,보광동,서울특별시 용산구 장문로27길 22 (보광동),서울특별시 용산구 보광동 327,37.5269963,126.9993697
591,보광동,서울특별시 용산구 보광로23길 10-18 (보광동),서울특별시 용산구 보광동 228-21,37.52780722,126.9979611
592,보광동,서울특별시 용산구 보광로32길 1 (보광동),서울특별시 용산구 보광동 242-4,37.52931835,126.9980707
593,보광동,서울특별시 용산구 보광로25길 6 (보광동),서울특별시 용산구 보광동 231-27,37.52847689,126.9984345
